header,class_or_scope,clause,method_name,signature,exceptions
cpp_api/cpp/src/RTI/RTIambassador.h,RTIambassador,4.2,connect,"virtual void connect ( FederateAmbassador & federateAmbassador, CallbackModel theCallbackModel, std::wstring const & localSettingsDesignator=L"""") throw ( ConnectionFailed, InvalidLocalSettingsDesignator, UnsupportedCallbackModel, AlreadyConnected, CallNotAllowedFromWithinCallback, RTIinternalError) = 0;",ConnectionFailed; InvalidLocalSettingsDesignator; UnsupportedCallbackModel; AlreadyConnected; CallNotAllowedFromWithinCallback; RTIinternalError
cpp_api/cpp/src/RTI/RTIambassador.h,RTIambassador,4.3,disconnect,"virtual void disconnect () throw ( FederateIsExecutionMember, CallNotAllowedFromWithinCallback, RTIinternalError) = 0;",FederateIsExecutionMember; CallNotAllowedFromWithinCallback; RTIinternalError
cpp_api/cpp/src/RTI/RTIambassador.h,RTIambassador,4.5,createFederationExecution,"virtual void createFederationExecution ( std::wstring const & federationExecutionName, std::wstring const & fomModule, std::wstring const & logicalTimeImplementationName = L"""") throw ( CouldNotCreateLogicalTimeFactory, InconsistentFDD, ErrorReadingFDD, CouldNotOpenFDD, FederationExecutionAlreadyExists, NotConnected, RTIinternalError) = 0;",CouldNotCreateLogicalTimeFactory; InconsistentFDD; ErrorReadingFDD; CouldNotOpenFDD; FederationExecutionAlreadyExists; NotConnected; RTIinternalError
cpp_api/cpp/src/RTI/RTIambassador.h,RTIambassador,4.5,createFederationExecution,"virtual void createFederationExecution ( std::wstring const & federationExecutionName, std::vector<std::wstring> const & fomModules, std::wstring const & logicalTimeImplementationName = L"""") throw ( CouldNotCreateLogicalTimeFactory, InconsistentFDD, ErrorReadingFDD, CouldNotOpenFDD, FederationExecutionAlreadyExists, NotConnected, RTIinternalError) = 0;",CouldNotCreateLogicalTimeFactory; InconsistentFDD; ErrorReadingFDD; CouldNotOpenFDD; FederationExecutionAlreadyExists; NotConnected; RTIinternalError
cpp_api/cpp/src/RTI/RTIambassador.h,RTIambassador,4.5,createFederationExecutionWithMIM,"virtual void createFederationExecutionWithMIM ( std::wstring const & federationExecutionName, std::vector<std::wstring> const & fomModules, std::wstring const & mimModule, std::wstring const & logicalTimeImplementationName = L"""") throw ( CouldNotCreateLogicalTimeFactory, InconsistentFDD, ErrorReadingFDD, CouldNotOpenFDD, DesignatorIsHLAstandardMIM, ErrorReadingMIM, CouldNotOpenMIM, FederationExecutionAlreadyExists, NotConnected, RTIinternalError) = 0;",CouldNotCreateLogicalTimeFactory; InconsistentFDD; ErrorReadingFDD; CouldNotOpenFDD; DesignatorIsHLAstandardMIM; ErrorReadingMIM; CouldNotOpenMIM; FederationExecutionAlreadyExists; NotConnected; RTIinternalError
cpp_api/cpp/src/RTI/RTIambassador.h,RTIambassador,4.6,destroyFederationExecution,"virtual void destroyFederationExecution ( std::wstring const & federationExecutionName) throw ( FederatesCurrentlyJoined, FederationExecutionDoesNotExist, NotConnected, RTIinternalError) = 0;",FederatesCurrentlyJoined; FederationExecutionDoesNotExist; NotConnected; RTIinternalError
cpp_api/cpp/src/RTI/RTIambassador.h,RTIambassador,4.7,listFederationExecutions,"virtual void listFederationExecutions () throw ( NotConnected, RTIinternalError) = 0;",NotConnected; RTIinternalError
cpp_api/cpp/src/RTI/RTIambassador.h,RTIambassador,4.9,joinFederationExecution,"virtual FederateHandle joinFederationExecution ( std::wstring const & federateType, std::wstring const & federationExecutionName, std::vector<std::wstring> const & additionalFomModules=std::vector<std::wstring>()) throw ( CouldNotCreateLogicalTimeFactory, FederationExecutionDoesNotExist, InconsistentFDD, ErrorReadingFDD, CouldNotOpenFDD, SaveInProgress, RestoreInProgress, FederateAlreadyExecutionMember, NotConnected, CallNotAllowedFromWithinCallback, RTIinternalError) = 0;",CouldNotCreateLogicalTimeFactory; FederationExecutionDoesNotExist; InconsistentFDD; ErrorReadingFDD; CouldNotOpenFDD; SaveInProgress; RestoreInProgress; FederateAlreadyExecutionMember; NotConnected; CallNotAllowedFromWithinCallback; RTIinternalError
cpp_api/cpp/src/RTI/RTIambassador.h,RTIambassador,4.9,joinFederationExecution,"virtual FederateHandle joinFederationExecution ( std::wstring const & federateName, std::wstring const & federateType, std::wstring const & federationExecutionName, std::vector<std::wstring> const & additionalFomModules=std::vector<std::wstring>()) throw ( CouldNotCreateLogicalTimeFactory, FederateNameAlreadyInUse, FederationExecutionDoesNotExist, InconsistentFDD, ErrorReadingFDD, CouldNotOpenFDD, SaveInProgress, RestoreInProgress, FederateAlreadyExecutionMember, NotConnected, CallNotAllowedFromWithinCallback, RTIinternalError) = 0;",CouldNotCreateLogicalTimeFactory; FederateNameAlreadyInUse; FederationExecutionDoesNotExist; InconsistentFDD; ErrorReadingFDD; CouldNotOpenFDD; SaveInProgress; RestoreInProgress; FederateAlreadyExecutionMember; NotConnected; CallNotAllowedFromWithinCallback; RTIinternalError
cpp_api/cpp/src/RTI/RTIambassador.h,RTIambassador,4.10,resignFederationExecution,"virtual void resignFederationExecution ( ResignAction resignAction) throw ( InvalidResignAction, OwnershipAcquisitionPending, FederateOwnsAttributes, FederateNotExecutionMember, NotConnected, CallNotAllowedFromWithinCallback, RTIinternalError) = 0;",InvalidResignAction; OwnershipAcquisitionPending; FederateOwnsAttributes; FederateNotExecutionMember; NotConnected; CallNotAllowedFromWithinCallback; RTIinternalError
cpp_api/cpp/src/RTI/RTIambassador.h,RTIambassador,4.11,registerFederationSynchronizationPoint,"virtual void registerFederationSynchronizationPoint ( std::wstring const & label, VariableLengthData const & theUserSuppliedTag) throw ( SaveInProgress, RestoreInProgress, FederateNotExecutionMember, NotConnected, RTIinternalError) = 0;",SaveInProgress; RestoreInProgress; FederateNotExecutionMember; NotConnected; RTIinternalError
cpp_api/cpp/src/RTI/RTIambassador.h,RTIambassador,4.11,registerFederationSynchronizationPoint,"virtual void registerFederationSynchronizationPoint ( std::wstring const & label, VariableLengthData const & theUserSuppliedTag, FederateHandleSet const & synchronizationSet) throw ( InvalidFederateHandle, SaveInProgress, RestoreInProgress, FederateNotExecutionMember, NotConnected, RTIinternalError) = 0;",InvalidFederateHandle; SaveInProgress; RestoreInProgress; FederateNotExecutionMember; NotConnected; RTIinternalError
cpp_api/cpp/src/RTI/RTIambassador.h,RTIambassador,4.14,synchronizationPointAchieved,"virtual void synchronizationPointAchieved ( std::wstring const & label, bool successfully = true) throw ( SynchronizationPointLabelNotAnnounced, SaveInProgress, RestoreInProgress, FederateNotExecutionMember, NotConnected, RTIinternalError) = 0;",SynchronizationPointLabelNotAnnounced; SaveInProgress; RestoreInProgress; FederateNotExecutionMember; NotConnected; RTIinternalError
cpp_api/cpp/src/RTI/RTIambassador.h,RTIambassador,4.16,requestFederationSave,"virtual void requestFederationSave ( std::wstring const & label) throw ( SaveInProgress, RestoreInProgress, FederateNotExecutionMember, NotConnected, RTIinternalError) = 0;",SaveInProgress; RestoreInProgress; FederateNotExecutionMember; NotConnected; RTIinternalError
cpp_api/cpp/src/RTI/RTIambassador.h,RTIambassador,4.16,requestFederationSave,"virtual void requestFederationSave ( std::wstring const & label, LogicalTime const & theTime) throw ( LogicalTimeAlreadyPassed, InvalidLogicalTime, FederateUnableToUseTime, SaveInProgress, RestoreInProgress, FederateNotExecutionMember, NotConnected, RTIinternalError) = 0;",LogicalTimeAlreadyPassed; InvalidLogicalTime; FederateUnableToUseTime; SaveInProgress; RestoreInProgress; FederateNotExecutionMember; NotConnected; RTIinternalError
cpp_api/cpp/src/RTI/RTIambassador.h,RTIambassador,4.18,federateSaveBegun,"virtual void federateSaveBegun () throw ( SaveNotInitiated, RestoreInProgress, FederateNotExecutionMember, NotConnected, RTIinternalError) = 0;",SaveNotInitiated; RestoreInProgress; FederateNotExecutionMember; NotConnected; RTIinternalError
cpp_api/cpp/src/RTI/RTIambassador.h,RTIambassador,4.19,federateSaveComplete,"virtual void federateSaveComplete () throw ( FederateHasNotBegunSave, RestoreInProgress, FederateNotExecutionMember, NotConnected, RTIinternalError) = 0;",FederateHasNotBegunSave; RestoreInProgress; FederateNotExecutionMember; NotConnected; RTIinternalError
cpp_api/cpp/src/RTI/RTIambassador.h,RTIambassador,4.19,federateSaveNotComplete,"virtual void federateSaveNotComplete () throw ( FederateHasNotBegunSave, RestoreInProgress, FederateNotExecutionMember, NotConnected, RTIinternalError) = 0;",FederateHasNotBegunSave; RestoreInProgress; FederateNotExecutionMember; NotConnected; RTIinternalError
cpp_api/cpp/src/RTI/RTIambassador.h,RTIambassador,4.21,abortFederationSave,"virtual void abortFederationSave () throw ( SaveNotInProgress, FederateNotExecutionMember, NotConnected, RTIinternalError) = 0;",SaveNotInProgress; FederateNotExecutionMember; NotConnected; RTIinternalError
cpp_api/cpp/src/RTI/RTIambassador.h,RTIambassador,4.22,queryFederationSaveStatus,"virtual void queryFederationSaveStatus () throw ( RestoreInProgress, FederateNotExecutionMember, NotConnected, RTIinternalError) = 0;",RestoreInProgress; FederateNotExecutionMember; NotConnected; RTIinternalError
cpp_api/cpp/src/RTI/RTIambassador.h,RTIambassador,4.24,requestFederationRestore,"virtual void requestFederationRestore ( std::wstring const & label) throw ( SaveInProgress, RestoreInProgress, FederateNotExecutionMember, NotConnected, RTIinternalError) = 0;",SaveInProgress; RestoreInProgress; FederateNotExecutionMember; NotConnected; RTIinternalError
cpp_api/cpp/src/RTI/RTIambassador.h,RTIambassador,4.28,federateRestoreComplete,"virtual void federateRestoreComplete () throw ( RestoreNotRequested, SaveInProgress, FederateNotExecutionMember, NotConnected, RTIinternalError) = 0;",RestoreNotRequested; SaveInProgress; FederateNotExecutionMember; NotConnected; RTIinternalError
cpp_api/cpp/src/RTI/RTIambassador.h,RTIambassador,4.28,federateRestoreNotComplete,"virtual void federateRestoreNotComplete () throw ( RestoreNotRequested, SaveInProgress, FederateNotExecutionMember, NotConnected, RTIinternalError) = 0;",RestoreNotRequested; SaveInProgress; FederateNotExecutionMember; NotConnected; RTIinternalError
cpp_api/cpp/src/RTI/RTIambassador.h,RTIambassador,4.30,abortFederationRestore,"virtual void abortFederationRestore () throw ( RestoreNotInProgress, FederateNotExecutionMember, NotConnected, RTIinternalError) = 0;",RestoreNotInProgress; FederateNotExecutionMember; NotConnected; RTIinternalError
cpp_api/cpp/src/RTI/RTIambassador.h,RTIambassador,4.31,queryFederationRestoreStatus,"virtual void queryFederationRestoreStatus () throw ( SaveInProgress, FederateNotExecutionMember, NotConnected, RTIinternalError) = 0;",SaveInProgress; FederateNotExecutionMember; NotConnected; RTIinternalError
cpp_api/cpp/src/RTI/RTIambassador.h,RTIambassador,5.2,publishObjectClassAttributes,"virtual void publishObjectClassAttributes ( ObjectClassHandle theClass, AttributeHandleSet const & attributeList) throw ( AttributeNotDefined, ObjectClassNotDefined, SaveInProgress, RestoreInProgress, FederateNotExecutionMember, NotConnected, RTIinternalError) = 0;",AttributeNotDefined; ObjectClassNotDefined; SaveInProgress; RestoreInProgress; FederateNotExecutionMember; NotConnected; RTIinternalError
cpp_api/cpp/src/RTI/RTIambassador.h,RTIambassador,5.3,unpublishObjectClass,"virtual void unpublishObjectClass ( ObjectClassHandle theClass) throw ( OwnershipAcquisitionPending, ObjectClassNotDefined, SaveInProgress, RestoreInProgress, FederateNotExecutionMember, NotConnected, RTIinternalError) = 0;",OwnershipAcquisitionPending; ObjectClassNotDefined; SaveInProgress; RestoreInProgress; FederateNotExecutionMember; NotConnected; RTIinternalError
cpp_api/cpp/src/RTI/RTIambassador.h,RTIambassador,5.3,unpublishObjectClassAttributes,"virtual void unpublishObjectClassAttributes ( ObjectClassHandle theClass, AttributeHandleSet const & attributeList) throw ( OwnershipAcquisitionPending, AttributeNotDefined, ObjectClassNotDefined, SaveInProgress, RestoreInProgress, FederateNotExecutionMember, NotConnected, RTIinternalError) = 0;",OwnershipAcquisitionPending; AttributeNotDefined; ObjectClassNotDefined; SaveInProgress; RestoreInProgress; FederateNotExecutionMember; NotConnected; RTIinternalError
cpp_api/cpp/src/RTI/RTIambassador.h,RTIambassador,5.4,publishInteractionClass,"virtual void publishInteractionClass ( InteractionClassHandle theInteraction) throw ( InteractionClassNotDefined, SaveInProgress, RestoreInProgress, FederateNotExecutionMember, NotConnected, RTIinternalError) = 0;",InteractionClassNotDefined; SaveInProgress; RestoreInProgress; FederateNotExecutionMember; NotConnected; RTIinternalError
cpp_api/cpp/src/RTI/RTIambassador.h,RTIambassador,5.5,unpublishInteractionClass,"virtual void unpublishInteractionClass ( InteractionClassHandle theInteraction) throw ( InteractionClassNotDefined, SaveInProgress, RestoreInProgress, FederateNotExecutionMember, NotConnected, RTIinternalError) = 0;",InteractionClassNotDefined; SaveInProgress; RestoreInProgress; FederateNotExecutionMember; NotConnected; RTIinternalError
cpp_api/cpp/src/RTI/RTIambassador.h,RTIambassador,5.6,subscribeObjectClassAttributes,"virtual void subscribeObjectClassAttributes ( ObjectClassHandle theClass, AttributeHandleSet const & attributeList, bool active = true, std::wstring const & updateRateDesignator = L"""") throw ( AttributeNotDefined, ObjectClassNotDefined, InvalidUpdateRateDesignator, SaveInProgress, RestoreInProgress, FederateNotExecutionMember, NotConnected, RTIinternalError) = 0;",AttributeNotDefined; ObjectClassNotDefined; InvalidUpdateRateDesignator; SaveInProgress; RestoreInProgress; FederateNotExecutionMember; NotConnected; RTIinternalError
cpp_api/cpp/src/RTI/RTIambassador.h,RTIambassador,5.7,unsubscribeObjectClass,"virtual void unsubscribeObjectClass ( ObjectClassHandle theClass) throw ( ObjectClassNotDefined, SaveInProgress, RestoreInProgress, FederateNotExecutionMember, NotConnected, RTIinternalError) = 0;",ObjectClassNotDefined; SaveInProgress; RestoreInProgress; FederateNotExecutionMember; NotConnected; RTIinternalError
cpp_api/cpp/src/RTI/RTIambassador.h,RTIambassador,5.7,unsubscribeObjectClassAttributes,"virtual void unsubscribeObjectClassAttributes ( ObjectClassHandle theClass, AttributeHandleSet const & attributeList) throw ( AttributeNotDefined, ObjectClassNotDefined, SaveInProgress, RestoreInProgress, FederateNotExecutionMember, NotConnected, RTIinternalError) = 0;",AttributeNotDefined; ObjectClassNotDefined; SaveInProgress; RestoreInProgress; FederateNotExecutionMember; NotConnected; RTIinternalError
cpp_api/cpp/src/RTI/RTIambassador.h,RTIambassador,5.8,subscribeInteractionClass,"virtual void subscribeInteractionClass ( InteractionClassHandle theClass, bool active = true) throw ( FederateServiceInvocationsAreBeingReportedViaMOM, InteractionClassNotDefined, SaveInProgress, RestoreInProgress, FederateNotExecutionMember, NotConnected, RTIinternalError) = 0;",FederateServiceInvocationsAreBeingReportedViaMOM; InteractionClassNotDefined; SaveInProgress; RestoreInProgress; FederateNotExecutionMember; NotConnected; RTIinternalError
cpp_api/cpp/src/RTI/RTIambassador.h,RTIambassador,5.9,unsubscribeInteractionClass,"virtual void unsubscribeInteractionClass ( InteractionClassHandle theClass) throw ( InteractionClassNotDefined, SaveInProgress, RestoreInProgress, FederateNotExecutionMember, NotConnected, RTIinternalError) = 0;",InteractionClassNotDefined; SaveInProgress; RestoreInProgress; FederateNotExecutionMember; NotConnected; RTIinternalError
cpp_api/cpp/src/RTI/RTIambassador.h,RTIambassador,6.2,reserveObjectInstanceName,"virtual void reserveObjectInstanceName ( std::wstring const & theObjectInstanceName) throw ( IllegalName, SaveInProgress, RestoreInProgress, FederateNotExecutionMember, NotConnected, RTIinternalError) = 0;",IllegalName; SaveInProgress; RestoreInProgress; FederateNotExecutionMember; NotConnected; RTIinternalError
cpp_api/cpp/src/RTI/RTIambassador.h,RTIambassador,6.4,releaseObjectInstanceName,"virtual void releaseObjectInstanceName ( std::wstring const & theObjectInstanceName) throw ( ObjectInstanceNameNotReserved, SaveInProgress, RestoreInProgress, FederateNotExecutionMember, NotConnected, RTIinternalError) = 0;",ObjectInstanceNameNotReserved; SaveInProgress; RestoreInProgress; FederateNotExecutionMember; NotConnected; RTIinternalError
cpp_api/cpp/src/RTI/RTIambassador.h,RTIambassador,6.5,reserveMultipleObjectInstanceName,"virtual void reserveMultipleObjectInstanceName ( std::set<std::wstring> const & theObjectInstanceNames) throw ( IllegalName, NameSetWasEmpty, SaveInProgress, RestoreInProgress, FederateNotExecutionMember, NotConnected, RTIinternalError) = 0;",IllegalName; NameSetWasEmpty; SaveInProgress; RestoreInProgress; FederateNotExecutionMember; NotConnected; RTIinternalError
cpp_api/cpp/src/RTI/RTIambassador.h,RTIambassador,6.7,releaseMultipleObjectInstanceName,"virtual void releaseMultipleObjectInstanceName ( std::set<std::wstring> const & theObjectInstanceNames) throw ( ObjectInstanceNameNotReserved, SaveInProgress, RestoreInProgress, FederateNotExecutionMember, NotConnected, RTIinternalError) = 0;",ObjectInstanceNameNotReserved; SaveInProgress; RestoreInProgress; FederateNotExecutionMember; NotConnected; RTIinternalError
cpp_api/cpp/src/RTI/RTIambassador.h,RTIambassador,6.8,registerObjectInstance,"virtual ObjectInstanceHandle registerObjectInstance ( ObjectClassHandle theClass) throw ( ObjectClassNotPublished, ObjectClassNotDefined, SaveInProgress, RestoreInProgress, FederateNotExecutionMember, NotConnected, RTIinternalError) = 0;",ObjectClassNotPublished; ObjectClassNotDefined; SaveInProgress; RestoreInProgress; FederateNotExecutionMember; NotConnected; RTIinternalError
cpp_api/cpp/src/RTI/RTIambassador.h,RTIambassador,6.8,registerObjectInstance,"virtual ObjectInstanceHandle registerObjectInstance ( ObjectClassHandle theClass, std::wstring const & theObjectInstanceName) throw ( ObjectInstanceNameInUse, ObjectInstanceNameNotReserved, ObjectClassNotPublished, ObjectClassNotDefined, SaveInProgress, RestoreInProgress, FederateNotExecutionMember, NotConnected, RTIinternalError) = 0;",ObjectInstanceNameInUse; ObjectInstanceNameNotReserved; ObjectClassNotPublished; ObjectClassNotDefined; SaveInProgress; RestoreInProgress; FederateNotExecutionMember; NotConnected; RTIinternalError
cpp_api/cpp/src/RTI/RTIambassador.h,RTIambassador,6.10,updateAttributeValues,"virtual void updateAttributeValues ( ObjectInstanceHandle theObject, AttributeHandleValueMap const & theAttributeValues, VariableLengthData const & theUserSuppliedTag) throw ( AttributeNotOwned, AttributeNotDefined, ObjectInstanceNotKnown, SaveInProgress, RestoreInProgress, FederateNotExecutionMember, NotConnected, RTIinternalError) = 0;",AttributeNotOwned; AttributeNotDefined; ObjectInstanceNotKnown; SaveInProgress; RestoreInProgress; FederateNotExecutionMember; NotConnected; RTIinternalError
cpp_api/cpp/src/RTI/RTIambassador.h,RTIambassador,6.10,updateAttributeValues,"virtual MessageRetractionHandle updateAttributeValues ( ObjectInstanceHandle theObject, AttributeHandleValueMap const & theAttributeValues, VariableLengthData const & theUserSuppliedTag, LogicalTime const & theTime) throw ( InvalidLogicalTime, AttributeNotOwned, AttributeNotDefined, ObjectInstanceNotKnown, SaveInProgress, RestoreInProgress, FederateNotExecutionMember, NotConnected, RTIinternalError) = 0;",InvalidLogicalTime; AttributeNotOwned; AttributeNotDefined; ObjectInstanceNotKnown; SaveInProgress; RestoreInProgress; FederateNotExecutionMember; NotConnected; RTIinternalError
cpp_api/cpp/src/RTI/RTIambassador.h,RTIambassador,6.12,sendInteraction,"virtual void sendInteraction ( InteractionClassHandle theInteraction, ParameterHandleValueMap const & theParameterValues, VariableLengthData const & theUserSuppliedTag) throw ( InteractionClassNotPublished, InteractionParameterNotDefined, InteractionClassNotDefined, SaveInProgress, RestoreInProgress, FederateNotExecutionMember, NotConnected, RTIinternalError) = 0;",InteractionClassNotPublished; InteractionParameterNotDefined; InteractionClassNotDefined; SaveInProgress; RestoreInProgress; FederateNotExecutionMember; NotConnected; RTIinternalError
cpp_api/cpp/src/RTI/RTIambassador.h,RTIambassador,6.12,sendInteraction,"virtual MessageRetractionHandle sendInteraction ( InteractionClassHandle theInteraction, ParameterHandleValueMap const & theParameterValues, VariableLengthData const & theUserSuppliedTag, LogicalTime const & theTime) throw ( InvalidLogicalTime, InteractionClassNotPublished, InteractionParameterNotDefined, InteractionClassNotDefined, SaveInProgress, RestoreInProgress, FederateNotExecutionMember, NotConnected, RTIinternalError) = 0;",InvalidLogicalTime; InteractionClassNotPublished; InteractionParameterNotDefined; InteractionClassNotDefined; SaveInProgress; RestoreInProgress; FederateNotExecutionMember; NotConnected; RTIinternalError
cpp_api/cpp/src/RTI/RTIambassador.h,RTIambassador,6.14,deleteObjectInstance,"virtual void deleteObjectInstance ( ObjectInstanceHandle theObject, VariableLengthData const & theUserSuppliedTag) throw ( DeletePrivilegeNotHeld, ObjectInstanceNotKnown, SaveInProgress, RestoreInProgress, FederateNotExecutionMember, NotConnected, RTIinternalError) = 0;",DeletePrivilegeNotHeld; ObjectInstanceNotKnown; SaveInProgress; RestoreInProgress; FederateNotExecutionMember; NotConnected; RTIinternalError
cpp_api/cpp/src/RTI/RTIambassador.h,RTIambassador,6.14,deleteObjectInstance,"virtual MessageRetractionHandle deleteObjectInstance ( ObjectInstanceHandle theObject, VariableLengthData const & theUserSuppliedTag, LogicalTime const & theTime) throw ( InvalidLogicalTime, DeletePrivilegeNotHeld, ObjectInstanceNotKnown, SaveInProgress, RestoreInProgress, FederateNotExecutionMember, NotConnected, RTIinternalError) = 0;",InvalidLogicalTime; DeletePrivilegeNotHeld; ObjectInstanceNotKnown; SaveInProgress; RestoreInProgress; FederateNotExecutionMember; NotConnected; RTIinternalError
cpp_api/cpp/src/RTI/RTIambassador.h,RTIambassador,6.16,localDeleteObjectInstance,"virtual void localDeleteObjectInstance ( ObjectInstanceHandle theObject) throw ( OwnershipAcquisitionPending, FederateOwnsAttributes, ObjectInstanceNotKnown, SaveInProgress, RestoreInProgress, FederateNotExecutionMember, NotConnected, RTIinternalError) = 0;",OwnershipAcquisitionPending; FederateOwnsAttributes; ObjectInstanceNotKnown; SaveInProgress; RestoreInProgress; FederateNotExecutionMember; NotConnected; RTIinternalError
cpp_api/cpp/src/RTI/RTIambassador.h,RTIambassador,6.19,requestAttributeValueUpdate,"virtual void requestAttributeValueUpdate ( ObjectInstanceHandle theObject, AttributeHandleSet const & theAttributes, VariableLengthData const & theUserSuppliedTag) throw ( AttributeNotDefined, ObjectInstanceNotKnown, SaveInProgress, RestoreInProgress, FederateNotExecutionMember, NotConnected, RTIinternalError) = 0;",AttributeNotDefined; ObjectInstanceNotKnown; SaveInProgress; RestoreInProgress; FederateNotExecutionMember; NotConnected; RTIinternalError
cpp_api/cpp/src/RTI/RTIambassador.h,RTIambassador,6.19,requestAttributeValueUpdate,"virtual void requestAttributeValueUpdate ( ObjectClassHandle theClass, AttributeHandleSet const & theAttributes, VariableLengthData const & theUserSuppliedTag) throw ( AttributeNotDefined, ObjectClassNotDefined, SaveInProgress, RestoreInProgress, FederateNotExecutionMember, NotConnected, RTIinternalError) = 0;",AttributeNotDefined; ObjectClassNotDefined; SaveInProgress; RestoreInProgress; FederateNotExecutionMember; NotConnected; RTIinternalError
cpp_api/cpp/src/RTI/RTIambassador.h,RTIambassador,6.23,requestAttributeTransportationTypeChange,"virtual void requestAttributeTransportationTypeChange ( ObjectInstanceHandle theObject, AttributeHandleSet const & theAttributes, TransportationType theType) throw ( AttributeAlreadyBeingChanged, AttributeNotOwned, AttributeNotDefined, ObjectInstanceNotKnown, InvalidTransportationType, SaveInProgress, RestoreInProgress, FederateNotExecutionMember, NotConnected, RTIinternalError) = 0;",AttributeAlreadyBeingChanged; AttributeNotOwned; AttributeNotDefined; ObjectInstanceNotKnown; InvalidTransportationType; SaveInProgress; RestoreInProgress; FederateNotExecutionMember; NotConnected; RTIinternalError
cpp_api/cpp/src/RTI/RTIambassador.h,RTIambassador,6.25,queryAttributeTransportationType,"virtual void queryAttributeTransportationType ( ObjectInstanceHandle theObject, AttributeHandle theAttribute) throw ( AttributeNotDefined, ObjectInstanceNotKnown, SaveInProgress, RestoreInProgress, FederateNotExecutionMember, NotConnected, RTIinternalError) = 0;",AttributeNotDefined; ObjectInstanceNotKnown; SaveInProgress; RestoreInProgress; FederateNotExecutionMember; NotConnected; RTIinternalError
cpp_api/cpp/src/RTI/RTIambassador.h,RTIambassador,6.27,requestInteractionTransportationTypeChange,"virtual void requestInteractionTransportationTypeChange ( InteractionClassHandle theClass, TransportationType theType) throw ( InteractionClassAlreadyBeingChanged, InteractionClassNotPublished, InteractionClassNotDefined, InvalidTransportationType, SaveInProgress, RestoreInProgress, FederateNotExecutionMember, NotConnected, RTIinternalError) = 0;",InteractionClassAlreadyBeingChanged; InteractionClassNotPublished; InteractionClassNotDefined; InvalidTransportationType; SaveInProgress; RestoreInProgress; FederateNotExecutionMember; NotConnected; RTIinternalError
cpp_api/cpp/src/RTI/RTIambassador.h,RTIambassador,6.29,queryInteractionTransportationType,"virtual void queryInteractionTransportationType ( FederateHandle theFederate, InteractionClassHandle theInteraction) throw ( InteractionClassNotDefined, SaveInProgress, RestoreInProgress, FederateNotExecutionMember, NotConnected, RTIinternalError) = 0;",InteractionClassNotDefined; SaveInProgress; RestoreInProgress; FederateNotExecutionMember; NotConnected; RTIinternalError
cpp_api/cpp/src/RTI/RTIambassador.h,RTIambassador,7.2,unconditionalAttributeOwnershipDivestiture,"virtual void unconditionalAttributeOwnershipDivestiture ( ObjectInstanceHandle theObject, AttributeHandleSet const & theAttributes) throw ( AttributeNotOwned, AttributeNotDefined, ObjectInstanceNotKnown, SaveInProgress, RestoreInProgress, FederateNotExecutionMember, NotConnected, RTIinternalError) = 0;",AttributeNotOwned; AttributeNotDefined; ObjectInstanceNotKnown; SaveInProgress; RestoreInProgress; FederateNotExecutionMember; NotConnected; RTIinternalError
cpp_api/cpp/src/RTI/RTIambassador.h,RTIambassador,7.3,negotiatedAttributeOwnershipDivestiture,"virtual void negotiatedAttributeOwnershipDivestiture ( ObjectInstanceHandle theObject, AttributeHandleSet const & theAttributes, VariableLengthData const & theUserSuppliedTag) throw ( AttributeAlreadyBeingDivested, AttributeNotOwned, AttributeNotDefined, ObjectInstanceNotKnown, SaveInProgress, RestoreInProgress, FederateNotExecutionMember, NotConnected, RTIinternalError) = 0;",AttributeAlreadyBeingDivested; AttributeNotOwned; AttributeNotDefined; ObjectInstanceNotKnown; SaveInProgress; RestoreInProgress; FederateNotExecutionMember; NotConnected; RTIinternalError
cpp_api/cpp/src/RTI/RTIambassador.h,RTIambassador,7.6,confirmDivestiture,"virtual void confirmDivestiture ( ObjectInstanceHandle theObject, AttributeHandleSet const & confirmedAttributes, VariableLengthData const & theUserSuppliedTag) throw ( NoAcquisitionPending, AttributeDivestitureWasNotRequested, AttributeNotOwned, AttributeNotDefined, ObjectInstanceNotKnown, SaveInProgress, RestoreInProgress, FederateNotExecutionMember, NotConnected, RTIinternalError) = 0;",NoAcquisitionPending; AttributeDivestitureWasNotRequested; AttributeNotOwned; AttributeNotDefined; ObjectInstanceNotKnown; SaveInProgress; RestoreInProgress; FederateNotExecutionMember; NotConnected; RTIinternalError
cpp_api/cpp/src/RTI/RTIambassador.h,RTIambassador,7.8,attributeOwnershipAcquisition,"virtual void attributeOwnershipAcquisition ( ObjectInstanceHandle theObject, AttributeHandleSet const & desiredAttributes, VariableLengthData const & theUserSuppliedTag) throw ( AttributeNotPublished, ObjectClassNotPublished, FederateOwnsAttributes, AttributeNotDefined, ObjectInstanceNotKnown, SaveInProgress, RestoreInProgress, FederateNotExecutionMember, NotConnected, RTIinternalError) = 0;",AttributeNotPublished; ObjectClassNotPublished; FederateOwnsAttributes; AttributeNotDefined; ObjectInstanceNotKnown; SaveInProgress; RestoreInProgress; FederateNotExecutionMember; NotConnected; RTIinternalError
cpp_api/cpp/src/RTI/RTIambassador.h,RTIambassador,7.9,attributeOwnershipAcquisitionIfAvailable,"virtual void attributeOwnershipAcquisitionIfAvailable ( ObjectInstanceHandle theObject, AttributeHandleSet const & desiredAttributes) throw ( AttributeAlreadyBeingAcquired, AttributeNotPublished, ObjectClassNotPublished, FederateOwnsAttributes, AttributeNotDefined, ObjectInstanceNotKnown, SaveInProgress, RestoreInProgress, FederateNotExecutionMember, NotConnected, RTIinternalError) = 0;",AttributeAlreadyBeingAcquired; AttributeNotPublished; ObjectClassNotPublished; FederateOwnsAttributes; AttributeNotDefined; ObjectInstanceNotKnown; SaveInProgress; RestoreInProgress; FederateNotExecutionMember; NotConnected; RTIinternalError
cpp_api/cpp/src/RTI/RTIambassador.h,RTIambassador,7.12,attributeOwnershipReleaseDenied,"virtual void attributeOwnershipReleaseDenied ( ObjectInstanceHandle theObject, AttributeHandleSet const & theAttributes) throw ( AttributeNotOwned, AttributeNotDefined, ObjectInstanceNotKnown, SaveInProgress, RestoreInProgress, FederateNotExecutionMember, NotConnected, RTIinternalError) = 0;",AttributeNotOwned; AttributeNotDefined; ObjectInstanceNotKnown; SaveInProgress; RestoreInProgress; FederateNotExecutionMember; NotConnected; RTIinternalError
cpp_api/cpp/src/RTI/RTIambassador.h,RTIambassador,7.13,attributeOwnershipDivestitureIfWanted,"virtual void attributeOwnershipDivestitureIfWanted ( ObjectInstanceHandle theObject, AttributeHandleSet const & theAttributes, AttributeHandleSet & theDivestedAttributes) // filled by RTI throw ( AttributeNotOwned, AttributeNotDefined, ObjectInstanceNotKnown, SaveInProgress, RestoreInProgress, FederateNotExecutionMember, NotConnected, RTIinternalError) = 0;",AttributeNotOwned; AttributeNotDefined; ObjectInstanceNotKnown; SaveInProgress; RestoreInProgress; FederateNotExecutionMember; NotConnected; RTIinternalError
cpp_api/cpp/src/RTI/RTIambassador.h,RTIambassador,7.14,cancelNegotiatedAttributeOwnershipDivestiture,"virtual void cancelNegotiatedAttributeOwnershipDivestiture ( ObjectInstanceHandle theObject, AttributeHandleSet const & theAttributes) throw ( AttributeDivestitureWasNotRequested, AttributeNotOwned, AttributeNotDefined, ObjectInstanceNotKnown, SaveInProgress, RestoreInProgress, FederateNotExecutionMember, NotConnected, RTIinternalError) = 0;",AttributeDivestitureWasNotRequested; AttributeNotOwned; AttributeNotDefined; ObjectInstanceNotKnown; SaveInProgress; RestoreInProgress; FederateNotExecutionMember; NotConnected; RTIinternalError
cpp_api/cpp/src/RTI/RTIambassador.h,RTIambassador,7.15,cancelAttributeOwnershipAcquisition,"virtual void cancelAttributeOwnershipAcquisition ( ObjectInstanceHandle theObject, AttributeHandleSet const & theAttributes) throw ( AttributeAcquisitionWasNotRequested, AttributeAlreadyOwned, AttributeNotDefined, ObjectInstanceNotKnown, SaveInProgress, RestoreInProgress, FederateNotExecutionMember, NotConnected, RTIinternalError) = 0;",AttributeAcquisitionWasNotRequested; AttributeAlreadyOwned; AttributeNotDefined; ObjectInstanceNotKnown; SaveInProgress; RestoreInProgress; FederateNotExecutionMember; NotConnected; RTIinternalError
cpp_api/cpp/src/RTI/RTIambassador.h,RTIambassador,7.17,queryAttributeOwnership,"virtual void queryAttributeOwnership ( ObjectInstanceHandle theObject, AttributeHandle theAttribute) throw ( AttributeNotDefined, ObjectInstanceNotKnown, SaveInProgress, RestoreInProgress, FederateNotExecutionMember, NotConnected, RTIinternalError) = 0;",AttributeNotDefined; ObjectInstanceNotKnown; SaveInProgress; RestoreInProgress; FederateNotExecutionMember; NotConnected; RTIinternalError
cpp_api/cpp/src/RTI/RTIambassador.h,RTIambassador,7.19,isAttributeOwnedByFederate,"virtual bool isAttributeOwnedByFederate ( ObjectInstanceHandle theObject, AttributeHandle theAttribute) throw ( AttributeNotDefined, ObjectInstanceNotKnown, SaveInProgress, RestoreInProgress, FederateNotExecutionMember, NotConnected, RTIinternalError) = 0;",AttributeNotDefined; ObjectInstanceNotKnown; SaveInProgress; RestoreInProgress; FederateNotExecutionMember; NotConnected; RTIinternalError
cpp_api/cpp/src/RTI/RTIambassador.h,RTIambassador,8.2,enableTimeRegulation,"virtual void enableTimeRegulation ( LogicalTimeInterval const & theLookahead) throw ( InvalidLookahead, InTimeAdvancingState, RequestForTimeRegulationPending, TimeRegulationAlreadyEnabled, SaveInProgress, RestoreInProgress, FederateNotExecutionMember, NotConnected, RTIinternalError) = 0;",InvalidLookahead; InTimeAdvancingState; RequestForTimeRegulationPending; TimeRegulationAlreadyEnabled; SaveInProgress; RestoreInProgress; FederateNotExecutionMember; NotConnected; RTIinternalError
cpp_api/cpp/src/RTI/RTIambassador.h,RTIambassador,8.4,disableTimeRegulation,"virtual void disableTimeRegulation () throw ( TimeRegulationIsNotEnabled, SaveInProgress, RestoreInProgress, FederateNotExecutionMember, NotConnected, RTIinternalError) = 0;",TimeRegulationIsNotEnabled; SaveInProgress; RestoreInProgress; FederateNotExecutionMember; NotConnected; RTIinternalError
cpp_api/cpp/src/RTI/RTIambassador.h,RTIambassador,8.5,enableTimeConstrained,"virtual void enableTimeConstrained () throw ( InTimeAdvancingState, RequestForTimeConstrainedPending, TimeConstrainedAlreadyEnabled, SaveInProgress, RestoreInProgress, FederateNotExecutionMember, NotConnected, RTIinternalError) = 0;",InTimeAdvancingState; RequestForTimeConstrainedPending; TimeConstrainedAlreadyEnabled; SaveInProgress; RestoreInProgress; FederateNotExecutionMember; NotConnected; RTIinternalError
cpp_api/cpp/src/RTI/RTIambassador.h,RTIambassador,8.7,disableTimeConstrained,"virtual void disableTimeConstrained () throw ( TimeConstrainedIsNotEnabled, SaveInProgress, RestoreInProgress, FederateNotExecutionMember, NotConnected, RTIinternalError) = 0;",TimeConstrainedIsNotEnabled; SaveInProgress; RestoreInProgress; FederateNotExecutionMember; NotConnected; RTIinternalError
cpp_api/cpp/src/RTI/RTIambassador.h,RTIambassador,8.8,timeAdvanceRequest,"virtual void timeAdvanceRequest ( LogicalTime const & theTime) throw ( LogicalTimeAlreadyPassed, InvalidLogicalTime, InTimeAdvancingState, RequestForTimeRegulationPending, RequestForTimeConstrainedPending, SaveInProgress, RestoreInProgress, FederateNotExecutionMember, NotConnected, RTIinternalError) = 0;",LogicalTimeAlreadyPassed; InvalidLogicalTime; InTimeAdvancingState; RequestForTimeRegulationPending; RequestForTimeConstrainedPending; SaveInProgress; RestoreInProgress; FederateNotExecutionMember; NotConnected; RTIinternalError
cpp_api/cpp/src/RTI/RTIambassador.h,RTIambassador,8.9,timeAdvanceRequestAvailable,"virtual void timeAdvanceRequestAvailable ( LogicalTime const & theTime) throw ( LogicalTimeAlreadyPassed, InvalidLogicalTime, InTimeAdvancingState, RequestForTimeRegulationPending, RequestForTimeConstrainedPending, SaveInProgress, RestoreInProgress, FederateNotExecutionMember, NotConnected, RTIinternalError) = 0;",LogicalTimeAlreadyPassed; InvalidLogicalTime; InTimeAdvancingState; RequestForTimeRegulationPending; RequestForTimeConstrainedPending; SaveInProgress; RestoreInProgress; FederateNotExecutionMember; NotConnected; RTIinternalError
cpp_api/cpp/src/RTI/RTIambassador.h,RTIambassador,8.10,nextMessageRequest,"virtual void nextMessageRequest ( LogicalTime const & theTime) throw ( LogicalTimeAlreadyPassed, InvalidLogicalTime, InTimeAdvancingState, RequestForTimeRegulationPending, RequestForTimeConstrainedPending, SaveInProgress, RestoreInProgress, FederateNotExecutionMember, NotConnected, RTIinternalError) = 0;",LogicalTimeAlreadyPassed; InvalidLogicalTime; InTimeAdvancingState; RequestForTimeRegulationPending; RequestForTimeConstrainedPending; SaveInProgress; RestoreInProgress; FederateNotExecutionMember; NotConnected; RTIinternalError
cpp_api/cpp/src/RTI/RTIambassador.h,RTIambassador,8.11,nextMessageRequestAvailable,"virtual void nextMessageRequestAvailable ( LogicalTime const & theTime) throw ( LogicalTimeAlreadyPassed, InvalidLogicalTime, InTimeAdvancingState, RequestForTimeRegulationPending, RequestForTimeConstrainedPending, SaveInProgress, RestoreInProgress, FederateNotExecutionMember, NotConnected, RTIinternalError) = 0;",LogicalTimeAlreadyPassed; InvalidLogicalTime; InTimeAdvancingState; RequestForTimeRegulationPending; RequestForTimeConstrainedPending; SaveInProgress; RestoreInProgress; FederateNotExecutionMember; NotConnected; RTIinternalError
cpp_api/cpp/src/RTI/RTIambassador.h,RTIambassador,8.12,flushQueueRequest,"virtual void flushQueueRequest ( LogicalTime const & theTime) throw ( LogicalTimeAlreadyPassed, InvalidLogicalTime, InTimeAdvancingState, RequestForTimeRegulationPending, RequestForTimeConstrainedPending, SaveInProgress, RestoreInProgress, FederateNotExecutionMember, NotConnected, RTIinternalError) = 0;",LogicalTimeAlreadyPassed; InvalidLogicalTime; InTimeAdvancingState; RequestForTimeRegulationPending; RequestForTimeConstrainedPending; SaveInProgress; RestoreInProgress; FederateNotExecutionMember; NotConnected; RTIinternalError
cpp_api/cpp/src/RTI/RTIambassador.h,RTIambassador,8.14,enableAsynchronousDelivery,"virtual void enableAsynchronousDelivery () throw ( AsynchronousDeliveryAlreadyEnabled, SaveInProgress, RestoreInProgress, FederateNotExecutionMember, NotConnected, RTIinternalError) = 0;",AsynchronousDeliveryAlreadyEnabled; SaveInProgress; RestoreInProgress; FederateNotExecutionMember; NotConnected; RTIinternalError
cpp_api/cpp/src/RTI/RTIambassador.h,RTIambassador,8.15,disableAsynchronousDelivery,"virtual void disableAsynchronousDelivery () throw ( AsynchronousDeliveryAlreadyDisabled, SaveInProgress, RestoreInProgress, FederateNotExecutionMember, NotConnected, RTIinternalError) = 0;",AsynchronousDeliveryAlreadyDisabled; SaveInProgress; RestoreInProgress; FederateNotExecutionMember; NotConnected; RTIinternalError
cpp_api/cpp/src/RTI/RTIambassador.h,RTIambassador,8.16,queryGALT,"virtual bool queryGALT (LogicalTime & theTime) throw ( SaveInProgress, RestoreInProgress, FederateNotExecutionMember, NotConnected, RTIinternalError) = 0;",SaveInProgress; RestoreInProgress; FederateNotExecutionMember; NotConnected; RTIinternalError
cpp_api/cpp/src/RTI/RTIambassador.h,RTIambassador,8.17,queryLogicalTime,"virtual void queryLogicalTime (LogicalTime & theTime) throw ( SaveInProgress, RestoreInProgress, FederateNotExecutionMember, NotConnected, RTIinternalError) = 0;",SaveInProgress; RestoreInProgress; FederateNotExecutionMember; NotConnected; RTIinternalError
cpp_api/cpp/src/RTI/RTIambassador.h,RTIambassador,8.18,queryLITS,"virtual bool queryLITS (LogicalTime & theTime) throw ( SaveInProgress, RestoreInProgress, FederateNotExecutionMember, NotConnected, RTIinternalError) = 0;",SaveInProgress; RestoreInProgress; FederateNotExecutionMember; NotConnected; RTIinternalError
cpp_api/cpp/src/RTI/RTIambassador.h,RTIambassador,8.19,modifyLookahead,"virtual void modifyLookahead ( LogicalTimeInterval const & theLookahead) throw ( InvalidLookahead, InTimeAdvancingState, TimeRegulationIsNotEnabled, SaveInProgress, RestoreInProgress, FederateNotExecutionMember, NotConnected, RTIinternalError) = 0;",InvalidLookahead; InTimeAdvancingState; TimeRegulationIsNotEnabled; SaveInProgress; RestoreInProgress; FederateNotExecutionMember; NotConnected; RTIinternalError
cpp_api/cpp/src/RTI/RTIambassador.h,RTIambassador,8.20,queryLookahead,"virtual void queryLookahead (LogicalTimeInterval & interval) throw ( TimeRegulationIsNotEnabled, SaveInProgress, RestoreInProgress, FederateNotExecutionMember, NotConnected, RTIinternalError) = 0;",TimeRegulationIsNotEnabled; SaveInProgress; RestoreInProgress; FederateNotExecutionMember; NotConnected; RTIinternalError
cpp_api/cpp/src/RTI/RTIambassador.h,RTIambassador,8.21,retract,"virtual void retract ( MessageRetractionHandle theHandle) throw ( MessageCanNoLongerBeRetracted, InvalidMessageRetractionHandle, TimeRegulationIsNotEnabled, SaveInProgress, RestoreInProgress, FederateNotExecutionMember, NotConnected, RTIinternalError) = 0;",MessageCanNoLongerBeRetracted; InvalidMessageRetractionHandle; TimeRegulationIsNotEnabled; SaveInProgress; RestoreInProgress; FederateNotExecutionMember; NotConnected; RTIinternalError
cpp_api/cpp/src/RTI/RTIambassador.h,RTIambassador,8.23,changeAttributeOrderType,"virtual void changeAttributeOrderType ( ObjectInstanceHandle theObject, AttributeHandleSet const & theAttributes, OrderType theType) throw ( AttributeNotOwned, AttributeNotDefined, ObjectInstanceNotKnown, SaveInProgress, RestoreInProgress, FederateNotExecutionMember, NotConnected, RTIinternalError) = 0;",AttributeNotOwned; AttributeNotDefined; ObjectInstanceNotKnown; SaveInProgress; RestoreInProgress; FederateNotExecutionMember; NotConnected; RTIinternalError
cpp_api/cpp/src/RTI/RTIambassador.h,RTIambassador,8.24,changeInteractionOrderType,"virtual void changeInteractionOrderType ( InteractionClassHandle theClass, OrderType theType) throw ( InteractionClassNotPublished, InteractionClassNotDefined, SaveInProgress, RestoreInProgress, FederateNotExecutionMember, NotConnected, RTIinternalError) = 0;",InteractionClassNotPublished; InteractionClassNotDefined; SaveInProgress; RestoreInProgress; FederateNotExecutionMember; NotConnected; RTIinternalError
cpp_api/cpp/src/RTI/RTIambassador.h,RTIambassador,9.2,createRegion,"virtual RegionHandle createRegion ( DimensionHandleSet const & theDimensions) throw ( InvalidDimensionHandle, SaveInProgress, RestoreInProgress, FederateNotExecutionMember, NotConnected, RTIinternalError) = 0;",InvalidDimensionHandle; SaveInProgress; RestoreInProgress; FederateNotExecutionMember; NotConnected; RTIinternalError
cpp_api/cpp/src/RTI/RTIambassador.h,RTIambassador,9.3,commitRegionModifications,"virtual void commitRegionModifications ( RegionHandleSet const & theRegionHandleSet) throw ( RegionNotCreatedByThisFederate, InvalidRegion, SaveInProgress, RestoreInProgress, FederateNotExecutionMember, NotConnected, RTIinternalError) = 0;",RegionNotCreatedByThisFederate; InvalidRegion; SaveInProgress; RestoreInProgress; FederateNotExecutionMember; NotConnected; RTIinternalError
cpp_api/cpp/src/RTI/RTIambassador.h,RTIambassador,9.4,deleteRegion,"virtual void deleteRegion ( RegionHandle const & theRegion) throw ( RegionInUseForUpdateOrSubscription, RegionNotCreatedByThisFederate, InvalidRegion, SaveInProgress, RestoreInProgress, FederateNotExecutionMember, NotConnected, RTIinternalError) = 0;",RegionInUseForUpdateOrSubscription; RegionNotCreatedByThisFederate; InvalidRegion; SaveInProgress; RestoreInProgress; FederateNotExecutionMember; NotConnected; RTIinternalError
cpp_api/cpp/src/RTI/RTIambassador.h,RTIambassador,9.5,registerObjectInstanceWithRegions,"virtual ObjectInstanceHandle registerObjectInstanceWithRegions ( ObjectClassHandle theClass, AttributeHandleSetRegionHandleSetPairVector const & theAttributeHandleSetRegionHandleSetPairVector) throw ( InvalidRegionContext, RegionNotCreatedByThisFederate, InvalidRegion, AttributeNotPublished, ObjectClassNotPublished, AttributeNotDefined, ObjectClassNotDefined, SaveInProgress, RestoreInProgress, FederateNotExecutionMember, NotConnected, RTIinternalError) = 0;",InvalidRegionContext; RegionNotCreatedByThisFederate; InvalidRegion; AttributeNotPublished; ObjectClassNotPublished; AttributeNotDefined; ObjectClassNotDefined; SaveInProgress; RestoreInProgress; FederateNotExecutionMember; NotConnected; RTIinternalError
cpp_api/cpp/src/RTI/RTIambassador.h,RTIambassador,9.5,registerObjectInstanceWithRegions,"virtual ObjectInstanceHandle registerObjectInstanceWithRegions ( ObjectClassHandle theClass, AttributeHandleSetRegionHandleSetPairVector const & theAttributeHandleSetRegionHandleSetPairVector, std::wstring const & theObjectInstanceName) throw ( ObjectInstanceNameInUse, ObjectInstanceNameNotReserved, InvalidRegionContext, RegionNotCreatedByThisFederate, InvalidRegion, AttributeNotPublished, ObjectClassNotPublished, AttributeNotDefined, ObjectClassNotDefined, SaveInProgress, RestoreInProgress, FederateNotExecutionMember, NotConnected, RTIinternalError) = 0;",ObjectInstanceNameInUse; ObjectInstanceNameNotReserved; InvalidRegionContext; RegionNotCreatedByThisFederate; InvalidRegion; AttributeNotPublished; ObjectClassNotPublished; AttributeNotDefined; ObjectClassNotDefined; SaveInProgress; RestoreInProgress; FederateNotExecutionMember; NotConnected; RTIinternalError
cpp_api/cpp/src/RTI/RTIambassador.h,RTIambassador,9.6,associateRegionsForUpdates,"virtual void associateRegionsForUpdates ( ObjectInstanceHandle theObject, AttributeHandleSetRegionHandleSetPairVector const & theAttributeHandleSetRegionHandleSetPairVector) throw ( InvalidRegionContext, RegionNotCreatedByThisFederate, InvalidRegion, AttributeNotDefined, ObjectInstanceNotKnown, SaveInProgress, RestoreInProgress, FederateNotExecutionMember, NotConnected, RTIinternalError) = 0;",InvalidRegionContext; RegionNotCreatedByThisFederate; InvalidRegion; AttributeNotDefined; ObjectInstanceNotKnown; SaveInProgress; RestoreInProgress; FederateNotExecutionMember; NotConnected; RTIinternalError
cpp_api/cpp/src/RTI/RTIambassador.h,RTIambassador,9.7,unassociateRegionsForUpdates,"virtual void unassociateRegionsForUpdates ( ObjectInstanceHandle theObject, AttributeHandleSetRegionHandleSetPairVector const & theAttributeHandleSetRegionHandleSetPairVector) throw ( RegionNotCreatedByThisFederate, InvalidRegion, AttributeNotDefined, ObjectInstanceNotKnown, SaveInProgress, RestoreInProgress, FederateNotExecutionMember, NotConnected, RTIinternalError) = 0;",RegionNotCreatedByThisFederate; InvalidRegion; AttributeNotDefined; ObjectInstanceNotKnown; SaveInProgress; RestoreInProgress; FederateNotExecutionMember; NotConnected; RTIinternalError
cpp_api/cpp/src/RTI/RTIambassador.h,RTIambassador,9.8,subscribeObjectClassAttributesWithRegions,"virtual void subscribeObjectClassAttributesWithRegions ( ObjectClassHandle theClass, AttributeHandleSetRegionHandleSetPairVector const & theAttributeHandleSetRegionHandleSetPairVector, bool active = true, std::wstring const & updateRateDesignator = L"""") throw ( InvalidRegionContext, RegionNotCreatedByThisFederate, InvalidRegion, AttributeNotDefined, ObjectClassNotDefined, InvalidUpdateRateDesignator, SaveInProgress, RestoreInProgress, FederateNotExecutionMember, NotConnected, RTIinternalError) = 0;",InvalidRegionContext; RegionNotCreatedByThisFederate; InvalidRegion; AttributeNotDefined; ObjectClassNotDefined; InvalidUpdateRateDesignator; SaveInProgress; RestoreInProgress; FederateNotExecutionMember; NotConnected; RTIinternalError
cpp_api/cpp/src/RTI/RTIambassador.h,RTIambassador,9.9,unsubscribeObjectClassAttributesWithRegions,"virtual void unsubscribeObjectClassAttributesWithRegions ( ObjectClassHandle theClass, AttributeHandleSetRegionHandleSetPairVector const & theAttributeHandleSetRegionHandleSetPairVector) throw ( RegionNotCreatedByThisFederate, InvalidRegion, AttributeNotDefined, ObjectClassNotDefined, SaveInProgress, RestoreInProgress, FederateNotExecutionMember, NotConnected, RTIinternalError) = 0;",RegionNotCreatedByThisFederate; InvalidRegion; AttributeNotDefined; ObjectClassNotDefined; SaveInProgress; RestoreInProgress; FederateNotExecutionMember; NotConnected; RTIinternalError
cpp_api/cpp/src/RTI/RTIambassador.h,RTIambassador,9.10,subscribeInteractionClassWithRegions,"virtual void subscribeInteractionClassWithRegions ( InteractionClassHandle theClass, RegionHandleSet const & theRegionHandleSet, bool active = true) throw ( FederateServiceInvocationsAreBeingReportedViaMOM, InvalidRegionContext, RegionNotCreatedByThisFederate, InvalidRegion, InteractionClassNotDefined, SaveInProgress, RestoreInProgress, FederateNotExecutionMember, NotConnected, RTIinternalError) = 0;",FederateServiceInvocationsAreBeingReportedViaMOM; InvalidRegionContext; RegionNotCreatedByThisFederate; InvalidRegion; InteractionClassNotDefined; SaveInProgress; RestoreInProgress; FederateNotExecutionMember; NotConnected; RTIinternalError
cpp_api/cpp/src/RTI/RTIambassador.h,RTIambassador,9.11,unsubscribeInteractionClassWithRegions,"virtual void unsubscribeInteractionClassWithRegions ( InteractionClassHandle theClass, RegionHandleSet const & theRegionHandleSet) throw ( RegionNotCreatedByThisFederate, InvalidRegion, InteractionClassNotDefined, SaveInProgress, RestoreInProgress, FederateNotExecutionMember, NotConnected, RTIinternalError) = 0;",RegionNotCreatedByThisFederate; InvalidRegion; InteractionClassNotDefined; SaveInProgress; RestoreInProgress; FederateNotExecutionMember; NotConnected; RTIinternalError
cpp_api/cpp/src/RTI/RTIambassador.h,RTIambassador,9.12,sendInteractionWithRegions,"virtual void sendInteractionWithRegions ( InteractionClassHandle theInteraction, ParameterHandleValueMap const & theParameterValues, RegionHandleSet const & theRegionHandleSet, VariableLengthData const & theUserSuppliedTag) throw ( InvalidRegionContext, RegionNotCreatedByThisFederate, InvalidRegion, InteractionClassNotPublished, InteractionParameterNotDefined, InteractionClassNotDefined, SaveInProgress, RestoreInProgress, FederateNotExecutionMember, NotConnected, RTIinternalError) = 0;",InvalidRegionContext; RegionNotCreatedByThisFederate; InvalidRegion; InteractionClassNotPublished; InteractionParameterNotDefined; InteractionClassNotDefined; SaveInProgress; RestoreInProgress; FederateNotExecutionMember; NotConnected; RTIinternalError
cpp_api/cpp/src/RTI/RTIambassador.h,RTIambassador,9.12,sendInteractionWithRegions,"virtual MessageRetractionHandle sendInteractionWithRegions ( InteractionClassHandle theInteraction, ParameterHandleValueMap const & theParameterValues, RegionHandleSet const & theRegionHandleSet, VariableLengthData const & theUserSuppliedTag, LogicalTime const & theTime) throw ( InvalidLogicalTime, InvalidRegionContext, RegionNotCreatedByThisFederate, InvalidRegion, InteractionClassNotPublished, InteractionParameterNotDefined, InteractionClassNotDefined, SaveInProgress, RestoreInProgress, FederateNotExecutionMember, NotConnected, RTIinternalError) = 0;",InvalidLogicalTime; InvalidRegionContext; RegionNotCreatedByThisFederate; InvalidRegion; InteractionClassNotPublished; InteractionParameterNotDefined; InteractionClassNotDefined; SaveInProgress; RestoreInProgress; FederateNotExecutionMember; NotConnected; RTIinternalError
cpp_api/cpp/src/RTI/RTIambassador.h,RTIambassador,9.13,requestAttributeValueUpdateWithRegions,"virtual void requestAttributeValueUpdateWithRegions ( ObjectClassHandle theClass, AttributeHandleSetRegionHandleSetPairVector const & theSet, VariableLengthData const & theUserSuppliedTag) throw ( InvalidRegionContext, RegionNotCreatedByThisFederate, InvalidRegion, AttributeNotDefined, ObjectClassNotDefined, SaveInProgress, RestoreInProgress, FederateNotExecutionMember, NotConnected, RTIinternalError) = 0;",InvalidRegionContext; RegionNotCreatedByThisFederate; InvalidRegion; AttributeNotDefined; ObjectClassNotDefined; SaveInProgress; RestoreInProgress; FederateNotExecutionMember; NotConnected; RTIinternalError
cpp_api/cpp/src/RTI/RTIambassador.h,RTIambassador,10.2,getAutomaticResignDirective,"virtual ResignAction getAutomaticResignDirective () throw ( FederateNotExecutionMember, NotConnected, RTIinternalError) = 0;",FederateNotExecutionMember; NotConnected; RTIinternalError
cpp_api/cpp/src/RTI/RTIambassador.h,RTIambassador,10.3,setAutomaticResignDirective,"virtual void setAutomaticResignDirective ( ResignAction resignAction) throw ( InvalidResignAction, FederateNotExecutionMember, NotConnected, RTIinternalError) = 0;",InvalidResignAction; FederateNotExecutionMember; NotConnected; RTIinternalError
cpp_api/cpp/src/RTI/RTIambassador.h,RTIambassador,10.4,getFederateHandle,"virtual FederateHandle getFederateHandle ( std::wstring const & theName) throw ( NameNotFound, FederateNotExecutionMember, NotConnected, RTIinternalError) = 0;",NameNotFound; FederateNotExecutionMember; NotConnected; RTIinternalError
cpp_api/cpp/src/RTI/RTIambassador.h,RTIambassador,10.5,getFederateName,"virtual std::wstring getFederateName ( FederateHandle theHandle) throw ( InvalidFederateHandle, FederateHandleNotKnown, FederateNotExecutionMember, NotConnected, RTIinternalError) = 0;",InvalidFederateHandle; FederateHandleNotKnown; FederateNotExecutionMember; NotConnected; RTIinternalError
cpp_api/cpp/src/RTI/RTIambassador.h,RTIambassador,10.6,getObjectClassHandle,"virtual ObjectClassHandle getObjectClassHandle ( std::wstring const & theName) throw ( NameNotFound, FederateNotExecutionMember, NotConnected, RTIinternalError) = 0;",NameNotFound; FederateNotExecutionMember; NotConnected; RTIinternalError
cpp_api/cpp/src/RTI/RTIambassador.h,RTIambassador,10.7,getObjectClassName,"virtual std::wstring getObjectClassName ( ObjectClassHandle theHandle) throw ( InvalidObjectClassHandle, FederateNotExecutionMember, NotConnected, RTIinternalError) = 0;",InvalidObjectClassHandle; FederateNotExecutionMember; NotConnected; RTIinternalError
cpp_api/cpp/src/RTI/RTIambassador.h,RTIambassador,10.8,getKnownObjectClassHandle,"virtual ObjectClassHandle getKnownObjectClassHandle ( ObjectInstanceHandle theObject) throw ( ObjectInstanceNotKnown, FederateNotExecutionMember, NotConnected, RTIinternalError) = 0;",ObjectInstanceNotKnown; FederateNotExecutionMember; NotConnected; RTIinternalError
cpp_api/cpp/src/RTI/RTIambassador.h,RTIambassador,10.9,getObjectInstanceHandle,"virtual ObjectInstanceHandle getObjectInstanceHandle ( std::wstring const & theName) throw ( ObjectInstanceNotKnown, FederateNotExecutionMember, NotConnected, RTIinternalError) = 0;",ObjectInstanceNotKnown; FederateNotExecutionMember; NotConnected; RTIinternalError
cpp_api/cpp/src/RTI/RTIambassador.h,RTIambassador,10.10,getObjectInstanceName,"virtual std::wstring getObjectInstanceName ( ObjectInstanceHandle theHandle) throw ( ObjectInstanceNotKnown, FederateNotExecutionMember, NotConnected, RTIinternalError) = 0;",ObjectInstanceNotKnown; FederateNotExecutionMember; NotConnected; RTIinternalError
cpp_api/cpp/src/RTI/RTIambassador.h,RTIambassador,10.11,getAttributeHandle,"virtual AttributeHandle getAttributeHandle ( ObjectClassHandle whichClass, std::wstring const & theAttributeName) throw ( NameNotFound, InvalidObjectClassHandle, FederateNotExecutionMember, NotConnected, RTIinternalError) = 0;",NameNotFound; InvalidObjectClassHandle; FederateNotExecutionMember; NotConnected; RTIinternalError
cpp_api/cpp/src/RTI/RTIambassador.h,RTIambassador,10.12,getAttributeName,"virtual std::wstring getAttributeName ( ObjectClassHandle whichClass, AttributeHandle theHandle) throw ( AttributeNotDefined, InvalidAttributeHandle, InvalidObjectClassHandle, FederateNotExecutionMember, NotConnected, RTIinternalError) = 0;",AttributeNotDefined; InvalidAttributeHandle; InvalidObjectClassHandle; FederateNotExecutionMember; NotConnected; RTIinternalError
cpp_api/cpp/src/RTI/RTIambassador.h,RTIambassador,10.13,getUpdateRateValue,"virtual double getUpdateRateValue ( std::wstring const & updateRateDesignator) throw ( InvalidUpdateRateDesignator, FederateNotExecutionMember, NotConnected, RTIinternalError) = 0;",InvalidUpdateRateDesignator; FederateNotExecutionMember; NotConnected; RTIinternalError
cpp_api/cpp/src/RTI/RTIambassador.h,RTIambassador,10.14,getUpdateRateValueForAttribute,"virtual double getUpdateRateValueForAttribute ( ObjectInstanceHandle theObject, AttributeHandle theAttribute) throw ( ObjectInstanceNotKnown, AttributeNotDefined, FederateNotExecutionMember, NotConnected, RTIinternalError) = 0;",ObjectInstanceNotKnown; AttributeNotDefined; FederateNotExecutionMember; NotConnected; RTIinternalError
cpp_api/cpp/src/RTI/RTIambassador.h,RTIambassador,10.15,getInteractionClassHandle,"virtual InteractionClassHandle getInteractionClassHandle ( std::wstring const & theName) throw ( NameNotFound, FederateNotExecutionMember, NotConnected, RTIinternalError) = 0;",NameNotFound; FederateNotExecutionMember; NotConnected; RTIinternalError
cpp_api/cpp/src/RTI/RTIambassador.h,RTIambassador,10.16,getInteractionClassName,"virtual std::wstring getInteractionClassName ( InteractionClassHandle theHandle) throw ( InvalidInteractionClassHandle, FederateNotExecutionMember, NotConnected, RTIinternalError) = 0;",InvalidInteractionClassHandle; FederateNotExecutionMember; NotConnected; RTIinternalError
cpp_api/cpp/src/RTI/RTIambassador.h,RTIambassador,10.17,getParameterHandle,"virtual ParameterHandle getParameterHandle ( InteractionClassHandle whichClass, std::wstring const & theName) throw ( NameNotFound, InvalidInteractionClassHandle, FederateNotExecutionMember, NotConnected, RTIinternalError) = 0;",NameNotFound; InvalidInteractionClassHandle; FederateNotExecutionMember; NotConnected; RTIinternalError
cpp_api/cpp/src/RTI/RTIambassador.h,RTIambassador,10.18,getParameterName,"virtual std::wstring getParameterName ( InteractionClassHandle whichClass, ParameterHandle theHandle) throw ( InteractionParameterNotDefined, InvalidParameterHandle, InvalidInteractionClassHandle, FederateNotExecutionMember, NotConnected, RTIinternalError) = 0;",InteractionParameterNotDefined; InvalidParameterHandle; InvalidInteractionClassHandle; FederateNotExecutionMember; NotConnected; RTIinternalError
cpp_api/cpp/src/RTI/RTIambassador.h,RTIambassador,10.19,getOrderType,"virtual OrderType getOrderType ( std::wstring const & orderName) throw ( InvalidOrderName, FederateNotExecutionMember, NotConnected, RTIinternalError) = 0;",InvalidOrderName; FederateNotExecutionMember; NotConnected; RTIinternalError
cpp_api/cpp/src/RTI/RTIambassador.h,RTIambassador,10.20,getOrderName,"virtual std::wstring getOrderName ( OrderType orderType) throw ( InvalidOrderType, FederateNotExecutionMember, NotConnected, RTIinternalError) = 0;",InvalidOrderType; FederateNotExecutionMember; NotConnected; RTIinternalError
cpp_api/cpp/src/RTI/RTIambassador.h,RTIambassador,10.21,getTransportationType,"virtual TransportationType getTransportationType ( std::wstring const & transportationName) throw ( InvalidTransportationName, FederateNotExecutionMember, NotConnected, RTIinternalError) = 0;",InvalidTransportationName; FederateNotExecutionMember; NotConnected; RTIinternalError
cpp_api/cpp/src/RTI/RTIambassador.h,RTIambassador,10.22,getTransportationName,"virtual std::wstring getTransportationName ( TransportationType transportationType) throw ( InvalidTransportationType, FederateNotExecutionMember, NotConnected, RTIinternalError) = 0;",InvalidTransportationType; FederateNotExecutionMember; NotConnected; RTIinternalError
cpp_api/cpp/src/RTI/RTIambassador.h,RTIambassador,10.23,getAvailableDimensionsForClassAttribute,"virtual DimensionHandleSet getAvailableDimensionsForClassAttribute ( ObjectClassHandle theClass, AttributeHandle theHandle) throw ( AttributeNotDefined, InvalidAttributeHandle, InvalidObjectClassHandle, FederateNotExecutionMember, NotConnected, RTIinternalError) = 0;",AttributeNotDefined; InvalidAttributeHandle; InvalidObjectClassHandle; FederateNotExecutionMember; NotConnected; RTIinternalError
cpp_api/cpp/src/RTI/RTIambassador.h,RTIambassador,10.24,getAvailableDimensionsForInteractionClass,"virtual DimensionHandleSet getAvailableDimensionsForInteractionClass ( InteractionClassHandle theClass) throw ( InvalidInteractionClassHandle, FederateNotExecutionMember, NotConnected, RTIinternalError) = 0;",InvalidInteractionClassHandle; FederateNotExecutionMember; NotConnected; RTIinternalError
cpp_api/cpp/src/RTI/RTIambassador.h,RTIambassador,10.25,getDimensionHandle,"virtual DimensionHandle getDimensionHandle ( std::wstring const & theName) throw ( NameNotFound, FederateNotExecutionMember, NotConnected, RTIinternalError) = 0;",NameNotFound; FederateNotExecutionMember; NotConnected; RTIinternalError
cpp_api/cpp/src/RTI/RTIambassador.h,RTIambassador,10.26,getDimensionName,"virtual std::wstring getDimensionName ( DimensionHandle theHandle) throw ( InvalidDimensionHandle, FederateNotExecutionMember, NotConnected, RTIinternalError) = 0;",InvalidDimensionHandle; FederateNotExecutionMember; NotConnected; RTIinternalError
cpp_api/cpp/src/RTI/RTIambassador.h,RTIambassador,10.27,getDimensionUpperBound,"virtual unsigned long getDimensionUpperBound ( DimensionHandle theHandle) throw ( InvalidDimensionHandle, FederateNotExecutionMember, NotConnected, RTIinternalError) = 0;",InvalidDimensionHandle; FederateNotExecutionMember; NotConnected; RTIinternalError
cpp_api/cpp/src/RTI/RTIambassador.h,RTIambassador,10.28,getDimensionHandleSet,"virtual DimensionHandleSet getDimensionHandleSet ( RegionHandle theRegionHandle) throw ( InvalidRegion, SaveInProgress, RestoreInProgress, FederateNotExecutionMember, NotConnected, RTIinternalError) = 0;",InvalidRegion; SaveInProgress; RestoreInProgress; FederateNotExecutionMember; NotConnected; RTIinternalError
cpp_api/cpp/src/RTI/RTIambassador.h,RTIambassador,10.29,getRangeBounds,"virtual RangeBounds getRangeBounds ( RegionHandle theRegionHandle, DimensionHandle theDimensionHandle) throw ( RegionDoesNotContainSpecifiedDimension, InvalidRegion, SaveInProgress, RestoreInProgress, FederateNotExecutionMember, NotConnected, RTIinternalError) = 0;",RegionDoesNotContainSpecifiedDimension; InvalidRegion; SaveInProgress; RestoreInProgress; FederateNotExecutionMember; NotConnected; RTIinternalError
cpp_api/cpp/src/RTI/RTIambassador.h,RTIambassador,10.30,setRangeBounds,"virtual void setRangeBounds ( RegionHandle theRegionHandle, DimensionHandle theDimensionHandle, RangeBounds const & theRangeBounds) throw ( InvalidRangeBound, RegionDoesNotContainSpecifiedDimension, RegionNotCreatedByThisFederate, InvalidRegion, SaveInProgress, RestoreInProgress, FederateNotExecutionMember, NotConnected, RTIinternalError) = 0;",InvalidRangeBound; RegionDoesNotContainSpecifiedDimension; RegionNotCreatedByThisFederate; InvalidRegion; SaveInProgress; RestoreInProgress; FederateNotExecutionMember; NotConnected; RTIinternalError
cpp_api/cpp/src/RTI/RTIambassador.h,RTIambassador,10.31,normalizeFederateHandle,"virtual unsigned long normalizeFederateHandle ( FederateHandle theFederateHandle) throw ( InvalidFederateHandle, FederateNotExecutionMember, NotConnected, RTIinternalError) = 0;",InvalidFederateHandle; FederateNotExecutionMember; NotConnected; RTIinternalError
cpp_api/cpp/src/RTI/RTIambassador.h,RTIambassador,10.32,normalizeServiceGroup,"virtual unsigned long normalizeServiceGroup ( ServiceGroup theServiceGroup) throw ( InvalidServiceGroup, FederateNotExecutionMember, NotConnected, RTIinternalError) = 0;",InvalidServiceGroup; FederateNotExecutionMember; NotConnected; RTIinternalError
cpp_api/cpp/src/RTI/RTIambassador.h,RTIambassador,10.33,enableObjectClassRelevanceAdvisorySwitch,"virtual void enableObjectClassRelevanceAdvisorySwitch () throw ( ObjectClassRelevanceAdvisorySwitchIsOn, SaveInProgress, RestoreInProgress, FederateNotExecutionMember, NotConnected, RTIinternalError) = 0;",ObjectClassRelevanceAdvisorySwitchIsOn; SaveInProgress; RestoreInProgress; FederateNotExecutionMember; NotConnected; RTIinternalError
cpp_api/cpp/src/RTI/RTIambassador.h,RTIambassador,10.34,disableObjectClassRelevanceAdvisorySwitch,"virtual void disableObjectClassRelevanceAdvisorySwitch () throw ( ObjectClassRelevanceAdvisorySwitchIsOff, SaveInProgress, RestoreInProgress, FederateNotExecutionMember, NotConnected, RTIinternalError) = 0;",ObjectClassRelevanceAdvisorySwitchIsOff; SaveInProgress; RestoreInProgress; FederateNotExecutionMember; NotConnected; RTIinternalError
cpp_api/cpp/src/RTI/RTIambassador.h,RTIambassador,10.35,enableAttributeRelevanceAdvisorySwitch,"virtual void enableAttributeRelevanceAdvisorySwitch () throw ( AttributeRelevanceAdvisorySwitchIsOn, SaveInProgress, RestoreInProgress, FederateNotExecutionMember, NotConnected, RTIinternalError) = 0;",AttributeRelevanceAdvisorySwitchIsOn; SaveInProgress; RestoreInProgress; FederateNotExecutionMember; NotConnected; RTIinternalError
cpp_api/cpp/src/RTI/RTIambassador.h,RTIambassador,10.36,disableAttributeRelevanceAdvisorySwitch,"virtual void disableAttributeRelevanceAdvisorySwitch () throw ( AttributeRelevanceAdvisorySwitchIsOff, SaveInProgress, RestoreInProgress, FederateNotExecutionMember, NotConnected, RTIinternalError) = 0;",AttributeRelevanceAdvisorySwitchIsOff; SaveInProgress; RestoreInProgress; FederateNotExecutionMember; NotConnected; RTIinternalError
cpp_api/cpp/src/RTI/RTIambassador.h,RTIambassador,10.37,enableAttributeScopeAdvisorySwitch,"virtual void enableAttributeScopeAdvisorySwitch () throw ( AttributeScopeAdvisorySwitchIsOn, SaveInProgress, RestoreInProgress, FederateNotExecutionMember, NotConnected, RTIinternalError) = 0;",AttributeScopeAdvisorySwitchIsOn; SaveInProgress; RestoreInProgress; FederateNotExecutionMember; NotConnected; RTIinternalError
cpp_api/cpp/src/RTI/RTIambassador.h,RTIambassador,10.38,disableAttributeScopeAdvisorySwitch,"virtual void disableAttributeScopeAdvisorySwitch () throw ( AttributeScopeAdvisorySwitchIsOff, SaveInProgress, RestoreInProgress, FederateNotExecutionMember, NotConnected, RTIinternalError) = 0;",AttributeScopeAdvisorySwitchIsOff; SaveInProgress; RestoreInProgress; FederateNotExecutionMember; NotConnected; RTIinternalError
cpp_api/cpp/src/RTI/RTIambassador.h,RTIambassador,10.39,enableInteractionRelevanceAdvisorySwitch,"virtual void enableInteractionRelevanceAdvisorySwitch () throw ( InteractionRelevanceAdvisorySwitchIsOn, SaveInProgress, RestoreInProgress, FederateNotExecutionMember, NotConnected, RTIinternalError) = 0;",InteractionRelevanceAdvisorySwitchIsOn; SaveInProgress; RestoreInProgress; FederateNotExecutionMember; NotConnected; RTIinternalError
cpp_api/cpp/src/RTI/RTIambassador.h,RTIambassador,10.40,disableInteractionRelevanceAdvisorySwitch,"virtual void disableInteractionRelevanceAdvisorySwitch () throw ( InteractionRelevanceAdvisorySwitchIsOff, SaveInProgress, RestoreInProgress, FederateNotExecutionMember, NotConnected, RTIinternalError) = 0;",InteractionRelevanceAdvisorySwitchIsOff; SaveInProgress; RestoreInProgress; FederateNotExecutionMember; NotConnected; RTIinternalError
cpp_api/cpp/src/RTI/RTIambassador.h,RTIambassador,10.41,evokeCallback,"virtual bool evokeCallback ( double approximateMinimumTimeInSeconds) throw ( CallNotAllowedFromWithinCallback, RTIinternalError) = 0;",CallNotAllowedFromWithinCallback; RTIinternalError
cpp_api/cpp/src/RTI/RTIambassador.h,RTIambassador,10.42,evokeMultipleCallbacks,"virtual bool evokeMultipleCallbacks ( double approximateMinimumTimeInSeconds, double approximateMaximumTimeInSeconds) throw ( CallNotAllowedFromWithinCallback, RTIinternalError) = 0;",CallNotAllowedFromWithinCallback; RTIinternalError
cpp_api/cpp/src/RTI/RTIambassador.h,RTIambassador,10.43,enableCallbacks,"virtual void enableCallbacks () throw ( SaveInProgress, RestoreInProgress, RTIinternalError) = 0;",SaveInProgress; RestoreInProgress; RTIinternalError
cpp_api/cpp/src/RTI/RTIambassador.h,RTIambassador,10.44,disableCallbacks,"virtual void disableCallbacks () throw ( SaveInProgress, RestoreInProgress, RTIinternalError) = 0;",SaveInProgress; RestoreInProgress; RTIinternalError
cpp_api/cpp/src/RTI/RTIambassador.h,RTIambassador,10.44,getTimeFactory,"virtual std::auto_ptr<LogicalTimeFactory> getTimeFactory () const throw ( FederateNotExecutionMember, NotConnected, RTIinternalError) = 0;",FederateNotExecutionMember; NotConnected; RTIinternalError
cpp_api/cpp/src/RTI/RTIambassador.h,RTIambassador,10.44,decodeFederateHandle,"virtual FederateHandle decodeFederateHandle ( VariableLengthData const & encodedValue) const throw ( CouldNotDecode, FederateNotExecutionMember, NotConnected, RTIinternalError) = 0;",CouldNotDecode; FederateNotExecutionMember; NotConnected; RTIinternalError
cpp_api/cpp/src/RTI/RTIambassador.h,RTIambassador,10.44,decodeObjectClassHandle,"virtual ObjectClassHandle decodeObjectClassHandle ( VariableLengthData const & encodedValue) const throw ( CouldNotDecode, FederateNotExecutionMember, NotConnected, RTIinternalError) = 0;",CouldNotDecode; FederateNotExecutionMember; NotConnected; RTIinternalError
cpp_api/cpp/src/RTI/RTIambassador.h,RTIambassador,10.44,decodeInteractionClassHandle,"virtual InteractionClassHandle decodeInteractionClassHandle ( VariableLengthData const & encodedValue) const throw ( CouldNotDecode, FederateNotExecutionMember, NotConnected, RTIinternalError) = 0;",CouldNotDecode; FederateNotExecutionMember; NotConnected; RTIinternalError
cpp_api/cpp/src/RTI/RTIambassador.h,RTIambassador,10.44,decodeObjectInstanceHandle,"virtual ObjectInstanceHandle decodeObjectInstanceHandle ( VariableLengthData const & encodedValue) const throw ( CouldNotDecode, FederateNotExecutionMember, NotConnected, RTIinternalError) = 0;",CouldNotDecode; FederateNotExecutionMember; NotConnected; RTIinternalError
cpp_api/cpp/src/RTI/RTIambassador.h,RTIambassador,10.44,decodeAttributeHandle,"virtual AttributeHandle decodeAttributeHandle ( VariableLengthData const & encodedValue) const throw ( CouldNotDecode, FederateNotExecutionMember, NotConnected, RTIinternalError) = 0;",CouldNotDecode; FederateNotExecutionMember; NotConnected; RTIinternalError
cpp_api/cpp/src/RTI/RTIambassador.h,RTIambassador,10.44,decodeParameterHandle,"virtual ParameterHandle decodeParameterHandle ( VariableLengthData const & encodedValue) const throw ( CouldNotDecode, FederateNotExecutionMember, NotConnected, RTIinternalError) = 0;",CouldNotDecode; FederateNotExecutionMember; NotConnected; RTIinternalError
cpp_api/cpp/src/RTI/RTIambassador.h,RTIambassador,10.44,decodeDimensionHandle,"virtual DimensionHandle decodeDimensionHandle ( VariableLengthData const & encodedValue) const throw ( CouldNotDecode, FederateNotExecutionMember, NotConnected, RTIinternalError) = 0;",CouldNotDecode; FederateNotExecutionMember; NotConnected; RTIinternalError
cpp_api/cpp/src/RTI/RTIambassador.h,RTIambassador,10.44,decodeMessageRetractionHandle,"virtual MessageRetractionHandle decodeMessageRetractionHandle ( VariableLengthData const & encodedValue) const throw ( CouldNotDecode, FederateNotExecutionMember, NotConnected, RTIinternalError) = 0;",CouldNotDecode; FederateNotExecutionMember; NotConnected; RTIinternalError
cpp_api/cpp/src/RTI/RTIambassador.h,RTIambassador,10.44,decodeRegionHandle,"virtual RegionHandle decodeRegionHandle ( VariableLengthData const & encodedValue) const throw ( CouldNotDecode, FederateNotExecutionMember, NotConnected, RTIinternalError) = 0;",CouldNotDecode; FederateNotExecutionMember; NotConnected; RTIinternalError
cpp_api/cpp/src/RTI/FederateAmbassador.h,FederateAmbassador,4.4,connectionLost,virtual void connectionLost ( std::wstring const & faultDescription) throw ( FederateInternalError) = 0;,FederateInternalError
cpp_api/cpp/src/RTI/FederateAmbassador.h,FederateAmbassador,4.8,reportFederationExecutions,virtual void reportFederationExecutions ( FederationExecutionInformationVector const & theFederationExecutionInformationList) throw ( FederateInternalError) = 0;,FederateInternalError
cpp_api/cpp/src/RTI/FederateAmbassador.h,FederateAmbassador,4.12,synchronizationPointRegistrationSucceeded,virtual void synchronizationPointRegistrationSucceeded ( std::wstring const & label) throw ( FederateInternalError) = 0;,FederateInternalError
cpp_api/cpp/src/RTI/FederateAmbassador.h,FederateAmbassador,4.12,synchronizationPointRegistrationFailed,"virtual void synchronizationPointRegistrationFailed ( std::wstring const & label, SynchronizationPointFailureReason reason) throw ( FederateInternalError) = 0;",FederateInternalError
cpp_api/cpp/src/RTI/FederateAmbassador.h,FederateAmbassador,4.13,announceSynchronizationPoint,"virtual void announceSynchronizationPoint ( std::wstring const & label, VariableLengthData const & theUserSuppliedTag) throw ( FederateInternalError) = 0;",FederateInternalError
cpp_api/cpp/src/RTI/FederateAmbassador.h,FederateAmbassador,4.15,federationSynchronized,"virtual void federationSynchronized ( std::wstring const & label, FederateHandleSet const& failedToSyncSet) throw ( FederateInternalError) = 0;",FederateInternalError
cpp_api/cpp/src/RTI/FederateAmbassador.h,FederateAmbassador,4.17,initiateFederateSave,virtual void initiateFederateSave ( std::wstring const & label) throw ( FederateInternalError) = 0;,FederateInternalError
cpp_api/cpp/src/RTI/FederateAmbassador.h,FederateAmbassador,4.17,initiateFederateSave,"virtual void initiateFederateSave ( std::wstring const & label, LogicalTime const & theTime) throw ( FederateInternalError) = 0;",FederateInternalError
cpp_api/cpp/src/RTI/FederateAmbassador.h,FederateAmbassador,4.20,federationSaved,virtual void federationSaved () throw ( FederateInternalError) = 0;,FederateInternalError
cpp_api/cpp/src/RTI/FederateAmbassador.h,FederateAmbassador,4.20,federationNotSaved,virtual void federationNotSaved ( SaveFailureReason theSaveFailureReason) throw ( FederateInternalError) = 0;,FederateInternalError
cpp_api/cpp/src/RTI/FederateAmbassador.h,FederateAmbassador,4.23,federationSaveStatusResponse,virtual void federationSaveStatusResponse ( FederateHandleSaveStatusPairVector const & theFederateStatusVector) throw ( FederateInternalError) = 0;,FederateInternalError
cpp_api/cpp/src/RTI/FederateAmbassador.h,FederateAmbassador,4.25,requestFederationRestoreSucceeded,virtual void requestFederationRestoreSucceeded ( std::wstring const & label) throw ( FederateInternalError) = 0;,FederateInternalError
cpp_api/cpp/src/RTI/FederateAmbassador.h,FederateAmbassador,4.25,requestFederationRestoreFailed,virtual void requestFederationRestoreFailed ( std::wstring const & label) throw ( FederateInternalError) = 0;,FederateInternalError
cpp_api/cpp/src/RTI/FederateAmbassador.h,FederateAmbassador,4.26,federationRestoreBegun,virtual void federationRestoreBegun () throw ( FederateInternalError) = 0;,FederateInternalError
cpp_api/cpp/src/RTI/FederateAmbassador.h,FederateAmbassador,4.27,initiateFederateRestore,"virtual void initiateFederateRestore ( std::wstring const & label, std::wstring const & federateName, FederateHandle handle) throw ( FederateInternalError) = 0;",FederateInternalError
cpp_api/cpp/src/RTI/FederateAmbassador.h,FederateAmbassador,4.29,federationRestored,virtual void federationRestored () throw ( FederateInternalError) = 0;,FederateInternalError
cpp_api/cpp/src/RTI/FederateAmbassador.h,FederateAmbassador,4.29,federationNotRestored,virtual void federationNotRestored ( RestoreFailureReason theRestoreFailureReason) throw ( FederateInternalError) = 0;,FederateInternalError
cpp_api/cpp/src/RTI/FederateAmbassador.h,FederateAmbassador,4.32,federationRestoreStatusResponse,virtual void federationRestoreStatusResponse ( FederateRestoreStatusVector const & theFederateRestoreStatusVector) throw ( FederateInternalError) = 0;,FederateInternalError
cpp_api/cpp/src/RTI/FederateAmbassador.h,FederateAmbassador,5.10,startRegistrationForObjectClass,virtual void startRegistrationForObjectClass ( ObjectClassHandle theClass) throw ( FederateInternalError) = 0;,FederateInternalError
cpp_api/cpp/src/RTI/FederateAmbassador.h,FederateAmbassador,5.11,stopRegistrationForObjectClass,virtual void stopRegistrationForObjectClass ( ObjectClassHandle theClass) throw ( FederateInternalError) = 0;,FederateInternalError
cpp_api/cpp/src/RTI/FederateAmbassador.h,FederateAmbassador,5.12,turnInteractionsOn,virtual void turnInteractionsOn ( InteractionClassHandle theHandle) throw ( FederateInternalError) = 0;,FederateInternalError
cpp_api/cpp/src/RTI/FederateAmbassador.h,FederateAmbassador,5.13,turnInteractionsOff,virtual void turnInteractionsOff ( InteractionClassHandle theHandle) throw ( FederateInternalError) = 0;,FederateInternalError
cpp_api/cpp/src/RTI/FederateAmbassador.h,FederateAmbassador,6.3,objectInstanceNameReservationSucceeded,virtual void objectInstanceNameReservationSucceeded ( std::wstring const & theObjectInstanceName) throw ( FederateInternalError) = 0;,FederateInternalError
cpp_api/cpp/src/RTI/FederateAmbassador.h,FederateAmbassador,6.3,objectInstanceNameReservationFailed,virtual void objectInstanceNameReservationFailed ( std::wstring const & theObjectInstanceName) throw ( FederateInternalError) = 0;,FederateInternalError
cpp_api/cpp/src/RTI/FederateAmbassador.h,FederateAmbassador,6.6,multipleObjectInstanceNameReservationSucceeded,virtual void multipleObjectInstanceNameReservationSucceeded ( std::set<std::wstring> const & theObjectInstanceNames) throw ( FederateInternalError) = 0;,FederateInternalError
cpp_api/cpp/src/RTI/FederateAmbassador.h,FederateAmbassador,6.6,multipleObjectInstanceNameReservationFailed,virtual void multipleObjectInstanceNameReservationFailed ( std::set<std::wstring> const & theObjectInstanceNames) throw ( FederateInternalError) = 0;,FederateInternalError
cpp_api/cpp/src/RTI/FederateAmbassador.h,FederateAmbassador,6.9,discoverObjectInstance,"virtual void discoverObjectInstance ( ObjectInstanceHandle theObject, ObjectClassHandle theObjectClass, std::wstring const & theObjectInstanceName) throw ( FederateInternalError) = 0;",FederateInternalError
cpp_api/cpp/src/RTI/FederateAmbassador.h,FederateAmbassador,6.9,discoverObjectInstance,"virtual void discoverObjectInstance ( ObjectInstanceHandle theObject, ObjectClassHandle theObjectClass, std::wstring const & theObjectInstanceName, FederateHandle producingFederate) throw ( FederateInternalError) = 0;",FederateInternalError
cpp_api/cpp/src/RTI/FederateAmbassador.h,FederateAmbassador,6.11,reflectAttributeValues,"virtual void reflectAttributeValues ( ObjectInstanceHandle theObject, AttributeHandleValueMap const & theAttributeValues, VariableLengthData const & theUserSuppliedTag, OrderType sentOrder, TransportationType theType, SupplementalReflectInfo theReflectInfo) throw ( FederateInternalError) = 0;",FederateInternalError
cpp_api/cpp/src/RTI/FederateAmbassador.h,FederateAmbassador,6.11,reflectAttributeValues,"virtual void reflectAttributeValues ( ObjectInstanceHandle theObject, AttributeHandleValueMap const & theAttributeValues, VariableLengthData const & theUserSuppliedTag, OrderType sentOrder, TransportationType theType, LogicalTime const & theTime, OrderType receivedOrder, SupplementalReflectInfo theReflectInfo) throw ( FederateInternalError) = 0;",FederateInternalError
cpp_api/cpp/src/RTI/FederateAmbassador.h,FederateAmbassador,6.11,reflectAttributeValues,"virtual void reflectAttributeValues ( ObjectInstanceHandle theObject, AttributeHandleValueMap const & theAttributeValues, VariableLengthData const & theUserSuppliedTag, OrderType sentOrder, TransportationType theType, LogicalTime const & theTime, OrderType receivedOrder, MessageRetractionHandle theHandle, SupplementalReflectInfo theReflectInfo) throw ( FederateInternalError) = 0;",FederateInternalError
cpp_api/cpp/src/RTI/FederateAmbassador.h,FederateAmbassador,6.13,receiveInteraction,"virtual void receiveInteraction ( InteractionClassHandle theInteraction, ParameterHandleValueMap const & theParameterValues, VariableLengthData const & theUserSuppliedTag, OrderType sentOrder, TransportationType theType, SupplementalReceiveInfo theReceiveInfo) throw ( FederateInternalError) = 0;",FederateInternalError
cpp_api/cpp/src/RTI/FederateAmbassador.h,FederateAmbassador,6.13,receiveInteraction,"virtual void receiveInteraction ( InteractionClassHandle theInteraction, ParameterHandleValueMap const & theParameterValues, VariableLengthData const & theUserSuppliedTag, OrderType sentOrder, TransportationType theType, LogicalTime const & theTime, OrderType receivedOrder, SupplementalReceiveInfo theReceiveInfo) throw ( FederateInternalError) = 0;",FederateInternalError
cpp_api/cpp/src/RTI/FederateAmbassador.h,FederateAmbassador,6.13,receiveInteraction,"virtual void receiveInteraction ( InteractionClassHandle theInteraction, ParameterHandleValueMap const & theParameterValues, VariableLengthData const & theUserSuppliedTag, OrderType sentOrder, TransportationType theType, LogicalTime const & theTime, OrderType receivedOrder, MessageRetractionHandle theHandle, SupplementalReceiveInfo theReceiveInfo) throw ( FederateInternalError) = 0;",FederateInternalError
cpp_api/cpp/src/RTI/FederateAmbassador.h,FederateAmbassador,6.15,removeObjectInstance,"virtual void removeObjectInstance ( ObjectInstanceHandle theObject, VariableLengthData const & theUserSuppliedTag, OrderType sentOrder, SupplementalRemoveInfo theRemoveInfo) throw ( FederateInternalError) = 0;",FederateInternalError
cpp_api/cpp/src/RTI/FederateAmbassador.h,FederateAmbassador,6.15,removeObjectInstance,"virtual void removeObjectInstance ( ObjectInstanceHandle theObject, VariableLengthData const & theUserSuppliedTag, OrderType sentOrder, LogicalTime const & theTime, OrderType receivedOrder, SupplementalRemoveInfo theRemoveInfo) throw ( FederateInternalError) = 0;",FederateInternalError
cpp_api/cpp/src/RTI/FederateAmbassador.h,FederateAmbassador,6.15,removeObjectInstance,"virtual void removeObjectInstance ( ObjectInstanceHandle theObject, VariableLengthData const & theUserSuppliedTag, OrderType sentOrder, LogicalTime const & theTime, OrderType receivedOrder, MessageRetractionHandle theHandle, SupplementalRemoveInfo theRemoveInfo) throw ( FederateInternalError) = 0;",FederateInternalError
cpp_api/cpp/src/RTI/FederateAmbassador.h,FederateAmbassador,6.17,attributesInScope,"virtual void attributesInScope ( ObjectInstanceHandle theObject, AttributeHandleSet const & theAttributes) throw ( FederateInternalError) = 0;",FederateInternalError
cpp_api/cpp/src/RTI/FederateAmbassador.h,FederateAmbassador,6.18,attributesOutOfScope,"virtual void attributesOutOfScope ( ObjectInstanceHandle theObject, AttributeHandleSet const & theAttributes) throw ( FederateInternalError) = 0;",FederateInternalError
cpp_api/cpp/src/RTI/FederateAmbassador.h,FederateAmbassador,6.20,provideAttributeValueUpdate,"virtual void provideAttributeValueUpdate ( ObjectInstanceHandle theObject, AttributeHandleSet const & theAttributes, VariableLengthData const & theUserSuppliedTag) throw ( FederateInternalError) = 0;",FederateInternalError
cpp_api/cpp/src/RTI/FederateAmbassador.h,FederateAmbassador,6.21,turnUpdatesOnForObjectInstance,"virtual void turnUpdatesOnForObjectInstance ( ObjectInstanceHandle theObject, AttributeHandleSet const & theAttributes) throw ( FederateInternalError) = 0;",FederateInternalError
cpp_api/cpp/src/RTI/FederateAmbassador.h,FederateAmbassador,6.21,turnUpdatesOnForObjectInstance,"virtual void turnUpdatesOnForObjectInstance ( ObjectInstanceHandle theObject, AttributeHandleSet const & theAttributes, std::wstring const & updateRateDesignator) throw ( FederateInternalError) = 0;",FederateInternalError
cpp_api/cpp/src/RTI/FederateAmbassador.h,FederateAmbassador,6.22,turnUpdatesOffForObjectInstance,"virtual void turnUpdatesOffForObjectInstance ( ObjectInstanceHandle theObject, AttributeHandleSet const & theAttributes) throw ( FederateInternalError) = 0;",FederateInternalError
cpp_api/cpp/src/RTI/FederateAmbassador.h,FederateAmbassador,6.24,confirmAttributeTransportationTypeChange,"virtual void confirmAttributeTransportationTypeChange ( ObjectInstanceHandle theObject, AttributeHandleSet theAttributes, TransportationType theTransportation) throw ( FederateInternalError) = 0;",FederateInternalError
cpp_api/cpp/src/RTI/FederateAmbassador.h,FederateAmbassador,6.26,reportAttributeTransportationType,"virtual void reportAttributeTransportationType ( ObjectInstanceHandle theObject, AttributeHandle theAttribute, TransportationType theTransportation) throw ( FederateInternalError) = 0;",FederateInternalError
cpp_api/cpp/src/RTI/FederateAmbassador.h,FederateAmbassador,6.28,confirmInteractionTransportationTypeChange,"virtual void confirmInteractionTransportationTypeChange ( InteractionClassHandle theInteraction, TransportationType theTransportation) throw ( FederateInternalError) = 0;",FederateInternalError
cpp_api/cpp/src/RTI/FederateAmbassador.h,FederateAmbassador,6.30,reportInteractionTransportationType,"virtual void reportInteractionTransportationType ( FederateHandle federateHandle, InteractionClassHandle theInteraction, TransportationType theTransportation) throw ( FederateInternalError) = 0;",FederateInternalError
cpp_api/cpp/src/RTI/FederateAmbassador.h,FederateAmbassador,7.4,requestAttributeOwnershipAssumption,"virtual void requestAttributeOwnershipAssumption ( ObjectInstanceHandle theObject, AttributeHandleSet const & offeredAttributes, VariableLengthData const & theUserSuppliedTag) throw ( FederateInternalError) = 0;",FederateInternalError
cpp_api/cpp/src/RTI/FederateAmbassador.h,FederateAmbassador,7.5,requestDivestitureConfirmation,"virtual void requestDivestitureConfirmation ( ObjectInstanceHandle theObject, AttributeHandleSet const & releasedAttributes) throw ( FederateInternalError) = 0;",FederateInternalError
cpp_api/cpp/src/RTI/FederateAmbassador.h,FederateAmbassador,7.7,attributeOwnershipAcquisitionNotification,"virtual void attributeOwnershipAcquisitionNotification ( ObjectInstanceHandle theObject, AttributeHandleSet const & securedAttributes, VariableLengthData const & theUserSuppliedTag) throw ( FederateInternalError) = 0;",FederateInternalError
cpp_api/cpp/src/RTI/FederateAmbassador.h,FederateAmbassador,7.10,attributeOwnershipUnavailable,"virtual void attributeOwnershipUnavailable ( ObjectInstanceHandle theObject, AttributeHandleSet const & theAttributes) throw ( FederateInternalError) = 0;",FederateInternalError
cpp_api/cpp/src/RTI/FederateAmbassador.h,FederateAmbassador,7.11,requestAttributeOwnershipRelease,"virtual void requestAttributeOwnershipRelease ( ObjectInstanceHandle theObject, AttributeHandleSet const & candidateAttributes, VariableLengthData const & theUserSuppliedTag) throw ( FederateInternalError) = 0;",FederateInternalError
cpp_api/cpp/src/RTI/FederateAmbassador.h,FederateAmbassador,7.16,confirmAttributeOwnershipAcquisitionCancellation,"virtual void confirmAttributeOwnershipAcquisitionCancellation ( ObjectInstanceHandle theObject, AttributeHandleSet const & theAttributes) throw ( FederateInternalError) = 0;",FederateInternalError
cpp_api/cpp/src/RTI/FederateAmbassador.h,FederateAmbassador,7.18,informAttributeOwnership,"virtual void informAttributeOwnership ( ObjectInstanceHandle theObject, AttributeHandle theAttribute, FederateHandle theOwner) throw ( FederateInternalError) = 0;",FederateInternalError
cpp_api/cpp/src/RTI/FederateAmbassador.h,FederateAmbassador,7.18,attributeIsNotOwned,"virtual void attributeIsNotOwned ( ObjectInstanceHandle theObject, AttributeHandle theAttribute) throw ( FederateInternalError) = 0;",FederateInternalError
cpp_api/cpp/src/RTI/FederateAmbassador.h,FederateAmbassador,7.18,attributeIsOwnedByRTI,"virtual void attributeIsOwnedByRTI ( ObjectInstanceHandle theObject, AttributeHandle theAttribute) throw ( FederateInternalError) = 0;",FederateInternalError
cpp_api/cpp/src/RTI/FederateAmbassador.h,FederateAmbassador,8.3,timeRegulationEnabled,virtual void timeRegulationEnabled ( LogicalTime const & theFederateTime) throw ( FederateInternalError) = 0;,FederateInternalError
cpp_api/cpp/src/RTI/FederateAmbassador.h,FederateAmbassador,8.6,timeConstrainedEnabled,virtual void timeConstrainedEnabled ( LogicalTime const & theFederateTime) throw ( FederateInternalError) = 0;,FederateInternalError
cpp_api/cpp/src/RTI/FederateAmbassador.h,FederateAmbassador,8.13,timeAdvanceGrant,virtual void timeAdvanceGrant ( LogicalTime const & theTime) throw ( FederateInternalError) = 0;,FederateInternalError
cpp_api/cpp/src/RTI/FederateAmbassador.h,FederateAmbassador,8.22,requestRetraction,virtual void requestRetraction ( MessageRetractionHandle theHandle) throw ( FederateInternalError) = 0;,FederateInternalError
cpp_api/cpp/src/RTI/Exception.h,follows,12.12,,class follows declared in Exception.h,
cpp_api/cpp/src/RTI/Exception.h,Exception,12.12,,class Exception declared in Exception.h,
cpp_api/cpp/src/RTI/Exception.h,A,12.12,,class A declared in Exception.h,
cpp_api/cpp/src/RTI/Handle.h,for,12.12,,class for declared in Handle.h,
cpp_api/cpp/src/RTI/Handle.h,HandleKind,12.12,,class HandleKind declared in Handle.h,
cpp_api/cpp/src/RTI/Handle.h,generated,12.12,,class generated declared in Handle.h,
cpp_api/cpp/src/RTI/Handle.h,HandleKind,12.12,,class HandleKind declared in Handle.h,
cpp_api/cpp/src/RTI/Handle.h,that,12.12,,class that declared in Handle.h,
cpp_api/cpp/src/RTI/Handle.h,HandleKind,12.12,,class HandleKind declared in Handle.h,
cpp_api/cpp/src/RTI/LogicalTime.h,LogicalTimeInterval,12.12,,class LogicalTimeInterval declared in LogicalTime.h,
cpp_api/cpp/src/RTI/LogicalTime.h,LogicalTime,12.12,,class LogicalTime declared in LogicalTime.h,
cpp_api/cpp/src/RTI/LogicalTimeFactory.h,LogicalTime,12.12,,class LogicalTime declared in LogicalTimeFactory.h,
cpp_api/cpp/src/RTI/LogicalTimeFactory.h,LogicalTimeInterval,12.12,,class LogicalTimeInterval declared in LogicalTimeFactory.h,
cpp_api/cpp/src/RTI/LogicalTimeFactory.h,VariableLengthData,12.12,,class VariableLengthData declared in LogicalTimeFactory.h,
cpp_api/cpp/src/RTI/LogicalTimeFactory.h,T,12.12,,class T declared in LogicalTimeFactory.h,
cpp_api/cpp/src/RTI/LogicalTimeFactory.h,auto_ptr,12.12,,class auto_ptr declared in LogicalTimeFactory.h,
cpp_api/cpp/src/RTI/LogicalTimeFactory.h,LogicalTimeFactory,12.12,,class LogicalTimeFactory declared in LogicalTimeFactory.h,
cpp_api/cpp/src/RTI/LogicalTimeFactory.h,HLAlogicalTimeFactoryFactory,12.12,,class HLAlogicalTimeFactoryFactory declared in LogicalTimeFactory.h,
cpp_api/cpp/src/RTI/LogicalTimeFactory.h,RTI_EXPORT_FEDTIME,12.12,,class RTI_EXPORT_FEDTIME declared in LogicalTimeFactory.h,
cpp_api/cpp/src/RTI/LogicalTimeInterval.h,LogicalTime,12.12,,class LogicalTime declared in LogicalTimeInterval.h,
cpp_api/cpp/src/RTI/LogicalTimeInterval.h,LogicalTimeInterval,12.12,,class LogicalTimeInterval declared in LogicalTimeInterval.h,
cpp_api/cpp/src/RTI/NullFederateAmbassador.h,NullFederateAmbassador,12.12,,class NullFederateAmbassador declared in NullFederateAmbassador.h,
cpp_api/cpp/src/RTI/RTIambassadorFactory.h,RTIambassador,12.12,,class RTIambassador declared in RTIambassadorFactory.h,
cpp_api/cpp/src/RTI/RTIambassadorFactory.h,T,12.12,,class T declared in RTIambassadorFactory.h,
cpp_api/cpp/src/RTI/RTIambassadorFactory.h,auto_ptr,12.12,,class auto_ptr declared in RTIambassadorFactory.h,
cpp_api/cpp/src/RTI/RTIambassadorFactory.h,RTIambassadorFactory,12.12,,class RTIambassadorFactory declared in RTIambassadorFactory.h,
cpp_api/cpp/src/RTI/RangeBounds.h,RangeBounds,12.12,,class RangeBounds declared in RangeBounds.h,
cpp_api/cpp/src/RTI/SpecificConfig.h,using,12.12,,class using declared in SpecificConfig.h,
cpp_api/cpp/src/RTI/Typedefs.h,FederateRestoreStatus,12.12,,class FederateRestoreStatus declared in Typedefs.h,
cpp_api/cpp/src/RTI/Typedefs.h,FederationExecutionInformation,12.12,,class FederationExecutionInformation declared in Typedefs.h,
cpp_api/cpp/src/RTI/Typedefs.h,SupplementalReflectInfo,12.12,,class SupplementalReflectInfo declared in Typedefs.h,
cpp_api/cpp/src/RTI/Typedefs.h,SupplementalReceiveInfo,12.12,,class SupplementalReceiveInfo declared in Typedefs.h,
cpp_api/cpp/src/RTI/Typedefs.h,SupplementalRemoveInfo,12.12,,class SupplementalRemoveInfo declared in Typedefs.h,
cpp_api/cpp/src/RTI/VariableLengthData.h,to,12.12,,class to declared in VariableLengthData.h,
cpp_api/cpp/src/RTI/VariableLengthData.h,provides,12.12,,class provides declared in VariableLengthData.h,
cpp_api/cpp/src/RTI/VariableLengthData.h,VariableLengthDataImplementation,12.12,,class VariableLengthDataImplementation declared in VariableLengthData.h,
cpp_api/cpp/src/RTI/VariableLengthData.h,typedef,12.12,,class typedef declared in VariableLengthData.h,
cpp_api/cpp/src/RTI/VariableLengthData.h,VariableLengthData,12.12,,class VariableLengthData declared in VariableLengthData.h,
cpp_api/cpp/src/RTI/VariableLengthData.h,that,12.12,,class that declared in VariableLengthData.h,
cpp_api/cpp/src/RTI/VariableLengthData.h,VariableLengthDataFriend,12.12,,class VariableLengthDataFriend declared in VariableLengthData.h,
cpp_api/cpp/src/RTI/encoding/BasicDataElements.h,for,12.12,,class for declared in BasicDataElements.h,
cpp_api/cpp/src/RTI/encoding/BasicDataElements.h,used,12.12,,class used declared in BasicDataElements.h,
cpp_api/cpp/src/RTI/encoding/BasicDataElements.h,EncodableDataType,12.12,,class EncodableDataType declared in BasicDataElements.h,
cpp_api/cpp/src/RTI/encoding/BasicDataElements.h,EncodableDataType,12.12,,class EncodableDataType declared in BasicDataElements.h,
cpp_api/cpp/src/RTI/encoding/BasicDataElements.h,VariableLengthData,12.12,,class VariableLengthData declared in BasicDataElements.h,
cpp_api/cpp/src/RTI/encoding/DataElement.h,VariableLengthData,12.12,,class VariableLengthData declared in DataElement.h,
cpp_api/cpp/src/RTI/encoding/DataElement.h,DataElement,12.12,,class DataElement declared in DataElement.h,
cpp_api/cpp/src/RTI/encoding/EncodingExceptions.h,EncoderException,12.12,,class EncoderException declared in EncodingExceptions.h,
cpp_api/cpp/src/RTI/encoding/HLAfixedArray.h,VariableLengthData,12.12,,class VariableLengthData declared in HLAfixedArray.h,
cpp_api/cpp/src/RTI/encoding/HLAfixedArray.h,HLAfixedArrayImplementation,12.12,,class HLAfixedArrayImplementation declared in HLAfixedArray.h,
cpp_api/cpp/src/RTI/encoding/HLAfixedArray.h,HLAfixedArray,12.12,,class HLAfixedArray declared in HLAfixedArray.h,
cpp_api/cpp/src/RTI/encoding/HLAfixedRecord.h,VariableLengthData,12.12,,class VariableLengthData declared in HLAfixedRecord.h,
cpp_api/cpp/src/RTI/encoding/HLAfixedRecord.h,HLAfixedRecordImplementation,12.12,,class HLAfixedRecordImplementation declared in HLAfixedRecord.h,
cpp_api/cpp/src/RTI/encoding/HLAfixedRecord.h,HLAfixedRecord,12.12,,class HLAfixedRecord declared in HLAfixedRecord.h,
cpp_api/cpp/src/RTI/encoding/HLAopaqueData.h,VariableLengthData,12.12,,class VariableLengthData declared in HLAopaqueData.h,
cpp_api/cpp/src/RTI/encoding/HLAopaqueData.h,HLAopaqueDataImplementation,12.12,,class HLAopaqueDataImplementation declared in HLAopaqueData.h,
cpp_api/cpp/src/RTI/encoding/HLAopaqueData.h,HLAopaqueData,12.12,,class HLAopaqueData declared in HLAopaqueData.h,
cpp_api/cpp/src/RTI/encoding/HLAvariableArray.h,VariableLengthData,12.12,,class VariableLengthData declared in HLAvariableArray.h,
cpp_api/cpp/src/RTI/encoding/HLAvariableArray.h,HLAvariableArrayImplementation,12.12,,class HLAvariableArrayImplementation declared in HLAvariableArray.h,
cpp_api/cpp/src/RTI/encoding/HLAvariableArray.h,HLAvariableArray,12.12,,class HLAvariableArray declared in HLAvariableArray.h,
cpp_api/cpp/src/RTI/encoding/HLAvariantRecord.h,VariableLengthData,12.12,,class VariableLengthData declared in HLAvariantRecord.h,
cpp_api/cpp/src/RTI/encoding/HLAvariantRecord.h,HLAvariantRecordImplementation,12.12,,class HLAvariantRecordImplementation declared in HLAvariantRecord.h,
cpp_api/cpp/src/RTI/encoding/HLAvariantRecord.h,HLAvariantRecord,12.12,,class HLAvariantRecord declared in HLAvariantRecord.h,
cpp_api/cpp/src/RTI/time/HLAfloat64Interval.h,HLAfloat64IntervalImpl,12.12,,class HLAfloat64IntervalImpl declared in HLAfloat64Interval.h,
cpp_api/cpp/src/RTI/time/HLAfloat64Interval.h,HLAfloat64Interval,12.12,,class HLAfloat64Interval declared in HLAfloat64Interval.h,
cpp_api/cpp/src/RTI/time/HLAfloat64Time.h,HLAfloat64TimeImpl,12.12,,class HLAfloat64TimeImpl declared in HLAfloat64Time.h,
cpp_api/cpp/src/RTI/time/HLAfloat64Time.h,HLAfloat64Time,12.12,,class HLAfloat64Time declared in HLAfloat64Time.h,
cpp_api/cpp/src/RTI/time/HLAfloat64Time.h,HLAfloat64Interval,12.12,,class HLAfloat64Interval declared in HLAfloat64Time.h,
cpp_api/cpp/src/RTI/time/HLAfloat64TimeFactory.h,HLAfloat64Time,12.12,,class HLAfloat64Time declared in HLAfloat64TimeFactory.h,
cpp_api/cpp/src/RTI/time/HLAfloat64TimeFactory.h,HLAfloat64Interval,12.12,,class HLAfloat64Interval declared in HLAfloat64TimeFactory.h,
cpp_api/cpp/src/RTI/time/HLAfloat64TimeFactory.h,HLAfloat64TimeFactory,12.12,,class HLAfloat64TimeFactory declared in HLAfloat64TimeFactory.h,
cpp_api/cpp/src/RTI/time/HLAinteger64Interval.h,HLAinteger64IntervalImpl,12.12,,class HLAinteger64IntervalImpl declared in HLAinteger64Interval.h,
cpp_api/cpp/src/RTI/time/HLAinteger64Interval.h,HLAinteger64Interval,12.12,,class HLAinteger64Interval declared in HLAinteger64Interval.h,
cpp_api/cpp/src/RTI/time/HLAinteger64Time.h,HLAinteger64TimeImpl,12.12,,class HLAinteger64TimeImpl declared in HLAinteger64Time.h,
cpp_api/cpp/src/RTI/time/HLAinteger64Time.h,HLAinteger64Time,12.12,,class HLAinteger64Time declared in HLAinteger64Time.h,
cpp_api/cpp/src/RTI/time/HLAinteger64Time.h,HLAinteger64Interval,12.12,,class HLAinteger64Interval declared in HLAinteger64Time.h,
cpp_api/cpp/src/RTI/time/HLAinteger64TimeFactory.h,HLAinteger64Time,12.12,,class HLAinteger64Time declared in HLAinteger64TimeFactory.h,
cpp_api/cpp/src/RTI/time/HLAinteger64TimeFactory.h,HLAinteger64Interval,12.12,,class HLAinteger64Interval declared in HLAinteger64TimeFactory.h,
cpp_api/cpp/src/RTI/time/HLAinteger64TimeFactory.h,HLAinteger64TimeFactory,12.12,,class HLAinteger64TimeFactory declared in HLAinteger64TimeFactory.h,
